genus	mean_size_bp	num_genomes
Abiotrophia	1996427	5
Absicoccus	2222132	1
Absiella	4361076	6
Abyssalbus	4365036	1
Abyssibius	3208812	1
Abyssicoccus	1770983	2
Abyssogena	1542177	1
Acaryochloris	7040081	6
Accumulibacter	4064569	39
Acerihabitans	5644927	1
Acetanaerobacterium	2916215	1
Aceticella	2267618	1
Acetilactobacillus	1616430	1
Acetitomaculum	3082721	1
Acetivibrio	3989119	18
Acetoanaerobium	2664349	5
Acetobacter	3312698	74
Acetobacteraceae	3787279	4
Acetobacterium	3927543	12
Acetobacteroides	3861100	1
Acetohalobium	2469596	1
Acetomicrobium	1773104	8
Acetonema	4323011	1
Acholeplasma	1415113	11
Achromobacter	6520685	239
Acidaminobacter	3615609	1
Acidaminococcaceae	2599783	1
Acidaminococcus	2280073	26
Acidibrevibacterium	3908499	2
Acididesulfobacillus	4520225	1
Acidiferrimicrobium	5076293	1
Acidiferrobacter	3350334	2
Acidihalobacter	3695328	4
Acidiluteibacter	3517574	1
Acidilutibacter	3743723	1
Acidimicrobium	2158157	1
Acidiphilium	3969051	14
Acidipila	4213726	1
Acidipropionibacterium	3349536	16
Acidisarcina	7600726	1
Acidisoma	5915610	3
Acidisphaera	6204432	3
Aciditerrimonas	2703651	2
Acidithiobacillus	2967866	40
Acidobacteriaceae	6130370	2
Acidobacteriia	2751946	1
Acidobacterium	4518973	3
Acidocella	3581386	6
Acidomonas	3562423	2
Acidothermus	2443540	1
Acidovorax	4811858	74
Aciduricibacillus	2730537	1
Acinetobacter	3914650	5597
Acrocarpospora	11224789	6
Actibacterium	4110839	3
Actimicrobium	4236534	2
Actinacidiphila	8970235	28
Actinoallomurus	10709230	10
Actinoalloteichus	6719668	7
Actinobacillus	2332690	119
Actinobacteria	2237153	6
Actinobaculum	2318167	5
Actinocatenispora	7448917	6
Actinocorallia	7322035	5
Actinocrispum	11682058	2
Actinokineospora	7530479	23
Actinomadura	9090086	91
Actinomarinicola	3715454	1
Actinomyces	2955501	147
Actinomycetaceae	2430444	1
Actinomycetales	2793418	1
Actinomycetes	2281084	2
Actinomycetospora	6269372	14
Actinophytocola	7674533	4
Actinoplanes	9837783	85
Actinopolymorpha	7449127	6
Actinopolyspora	4999253	8
Actinorhabdospora	7221719	1
Actinorugispora	5253007	1
Actinospica	9918887	1
Actinosynnema	8632028	16
Actinotalea	3734714	8
Actinotignum	2108957	12
Actomonas	6109182	1
Acutalibacter	3344860	6
Acuticoccus	5428000	3
Adhaeretor	5996859	1
Adhaeribacter	6212102	4
Adlercreutzia	2775442	20
Adonisia	8775607	2
Advenella	4192269	7
Aedoeadaptatus	1811788	6
Aegicerativicinus	4094245	1
Aeoliella	6608792	1
Aequoribacter	3095392	1
Aequorivita	3468635	13
Aeribacillus	3854514	16
Aerococcus	2016151	90
Aerolutibacter	3359359	1
Aeromicrobium	3537595	40
Aeromonas	4692718	975
Aerophototrophica	3664154	1
Aerosticca	2874969	1
Aestuariibacter	4143688	2
Aestuariibaculum	3915480	7
Aestuariibius	3520587	1
Aestuariimicrobium	3150316	1
Aestuariispira	4592839	2
Aestuariivirga	5040947	3
Aestuarium	3336108	1
Aetokthonos	9034302	4
Affinibrenneria	5890037	1
Afifella	3934280	3
Afipia	4599803	10
Agaribacter	4303519	3
Agaribacterium	4280525	1
Agarilytica	7113812	1
Agarivorans	4790388	9
Agathobacter	3314290	78
Agathobaculum	3026079	11
Aggregatibacter	2231943	94
Aggregatilinea	6005279	3
Aggregatimonas	4723614	1
Aggregicoccus	6926196	1
Agreia	3594502	2
Agrilactobacillus	3156634	2
Agrilutibacter	3503239	3
Agriterribacter	5150933	3
Agrobacterium	5672093	342
Agrococcus	2903013	18
Agromyces	3900323	64
Ahniella	6120935	1
Ahrensia	3543668	3
Aidingimonas	3902114	4
Akkermansia	2910655	288
Akkermansiaceae	3109783	1
Albimonas	6027197	1
Alcaligenaceae	4717417	2
Alcaligenes	4093169	67
Alcanivorax	3663302	31
Algibacillus	5409267	1
Algibacter	4207337	14
Algicella	3994758	1
Algicola	4341282	1
Algihabitans	4710425	2
Algimonas	3175139	3
Alginatibacterium	4474452	1
Algisphaera	4170210	1
Algivirga	5509143	1
Algoriella	3121114	4
Algoriphagus	4816936	53
Aliagarivorans	4645807	2
Aliamphritea	5094336	4
Aliarcobacter	2119634	139
Alicycliphilus	4824352	5
Alicyclobacillus	4066401	28
Alienimonas	5385420	2
Aliibacillus	2778571	2
Aliicoccus	2064808	2
Aliidiomarina	2787128	2
Aliifodinibius	6439411	1
Aliiglaciecola	4497230	4
Aliikangiella	6212188	2
Aliirhizobium	5791981	4
Aliiroseovarius	3393832	15
Aliisedimentitalea	5083900	1
Aliivibrio	4297027	79
Alishewanella	3754864	3
Alistipes	3098829	308
Alitiscatomonas	3399574	1
Alkalibacillus	2844714	3
Alkalibacter	2390458	2
Alkalibacterium	2339223	9
Alkalibaculum	3098941	1
Alkalicella	3695371	1
Alkalicoccobacillus	4021436	5
Alkalicoccus	3559738	5
Alkaliflexus	4122270	1
Alkalihalobacillus	4358185	13
Alkalihalobacterium	5203000	2
Alkalihalophilus	4094960	6
Alkalilimnicola	3275944	1
Alkalimarinus	4473017	7
Alkalimonas	4007460	2
Alkaliphilus	4080138	5
Alkalispirillum	2952137	1
Alkalispirochaeta	3333683	2
Alkalitalea	4666134	2
Alkalithermobacter	1835704	1
Alkanindiges	2842884	2
Allgaiera	4280693	1
Allisonella	1703212	2
Alloacidobacterium	6271114	1
Alloactinosynnema	7405112	1
Alloalcanivorax	4378065	12
Allobacillus	2601582	6
Allobaculum	2697410	4
Allobranchiibius	3552513	1
Allochromatium	3337398	3
Allocoleopsis	7966510	1
Allocoprobacillus	2931225	1
Allofournierella	3423095	9
Allofrancisella	1689561	7
Allofustis	1441290	1
Alloiococcus	1806596	1
Allokutzneria	8435528	5
Allomeiothermus	3395172	2
Allomuricauda	3867182	17
Allonocardiopsis	6972847	1
Allopontixanthobacter	2934197	1
Alloprevotella	2577536	3
Allopusillimonas	4148464	1
Allorhizobium	5433206	7
Allorhodopirellula	6987327	2
Allosaccharopolyspora	4832009	1
Alloscardovia	1825424	12
Allosediminivita	4845108	1
Allosphingosinicella	2807353	1
Alloyangia	5535705	3
Alphaproteobacteria	2473848	2
Alsobacter	5345180	2
Alteracholeplasma	1554229	1
Alteraurantiacibacter	3772944	1
Altererythrobacter	2956067	17
Alteribacillus	4284972	6
Alteribacter	4173122	4
Altericista	5791642	1
Altericroceibacterium	3474520	1
Alterinioella	4071611	1
Alteripontixanthobacter	2863572	1
Alteriqipengyuania	2718770	2
Alterisphingorhabdus	3267098	1
Alteromonadaceae	5313198	2
Alteromonadales	3992016	1
Alteromonas	4483201	135
Altibacter	3160033	1
Alysiella	2451167	6
Amaricoccus	4008376	11
Amazonocrinis	8256472	1
Amedibacillus	2149315	4
Amedibacterium	2637868	6
Aminicella	2286758	1
Aminipila	3272145	6
Aminithiophilus	3108337	1
Aminivibrio	2988997	3
Aminobacter	5986612	23
Aminobacterium	2060360	12
Aminomonas	2630170	1
Ammonifex	2157067	1
Ammoniphilus	5927812	2
Amnibacterium	3245944	1
Amniculibacterium	2839245	1
Amorphus	4317545	1
Amphibacillus	3170055	4
Amphritea	4375998	10
Amycolatopsis	9638002	191
Amygdalobacter	1548528	4
Amylibacter	3294518	2
Amylolactobacillus	1571962	3
Anabaena	6005096	19
Anabaenopsis	5782576	2
Anaeroarcus	3338457	1
Anaerobacillus	4905165	3
Anaerobacterium	4927187	1
Anaerobiospirillum	3643404	2
Anaerobium	4609043	1
Anaerobranca	2300172	1
Anaerobutyricum	3390854	13
Anaerococcus	1952566	43
Anaerocolumna	5581704	12
Anaerofustis	2149137	6
Anaeroglobus	1691983	2
Anaerohalosphaera	4250973	1
Anaerolinea	3558212	4
Anaerolineaceae	2945494	1
Anaeromassilibacillus	2799676	9
Anaeromicrobium	4710588	1
Anaeromicropila	4655914	2
Anaeromusa	3191370	2
Anaeromyxobacter	5299822	13
Anaeropeptidivorans	3757330	1
Anaeroplasma	2199979	1
Anaerorhabdus	2182676	16
Anaerosalibacter	2901401	3
Anaerosolibacter	5180073	1
Anaerosphaera	1607714	1
Anaerospora	4377773	7
Anaerosporobacter	4682376	2
Anaerostipes	3111592	44
Anaerotignum	2699093	15
Anaerotruncus	3386984	39
Anaerovibrio	2513330	6
Anaerovirgula	5388996	1
Anaerovorax	3263520	1
Anaplasma	1325901	25
Anatilimnocola	9007740	1
Ancylobacter	4949787	20
Ancylomarina	4202869	2
Ancylothrix	6576381	1
Anderseniella	4613965	1
Andreprevotia	4887604	2
Aneurinibacillus	4795054	33
Angelakisella	4041781	1
Angustibacter	4052606	3
Anoxybacillus	2925048	28
Anoxybacter	3557532	1
Anoxybacteroides	3498697	7
Anoxynatronum	4163741	1
Anseongella	4322684	1
Antarcticibacterium	4048622	3
Antarctobacter	5252782	2
Anthocerotibacter	4187797	1
Anthropogastromicrobium	3823105	1
Antiquaquibacter	2895552	1
Antrihabitans	6473695	3
Aphanizomenon	5868614	3
Apibacter	2344798	20
Apilactobacillus	1569310	93
Aporhodopirellula	8810200	2
Aquabacter	5100554	4
Aquabacterium	4016870	16
Aquamicrobium	4231041	8
Aquariibacter	3170728	2
Aquaspirillum	3962240	1
Aquaticitalea	3144529	1
Aquella	2820660	1
Aquibacillus	4014271	2
Aquibaculum	3490371	1
Aquibium	5816817	4
Aquicella	2662483	3
Aquicoccus	3617740	3
Aquidulcibacter	3289177	1
Aquifex	1590791	1
Aquiflexum	5681714	3
Aquihabitans	4938963	1
Aquiluna	1411027	2
Aquilutibacter	2144690	2
Aquimarina	5379426	36
Aquimonas	4428167	1
Aquincola	6714842	2
Aquipluma	5712279	1
Aquipseudomonas	4736548	11
Aquipuribacter	4260932	2
Aquirhabdus	3777352	1
Aquirufa	2818725	26
Aquisalimonas	4068541	3
Aquisalinus	3362133	3
Aquisediminimonas	3406525	1
Aquisphaera	10526296	1
Aquitalea	4442327	7
Arabiibacter	3377915	2
Arachidicoccus	4627191	5
Arachnia	3374470	11
Arcanobacterium	2007748	15
Archangium	12822407	8
Arcicella	5624306	2
Arcobacter	2423153	46
Arcticibacter	5175261	2
Arcticibacterium	5379839	1
Ardenticatena	3569367	1
Areca	625107	1
Arenibacter	5136046	16
Arenibacterium	4628000	1
Arenibaculum	6516662	1
Arenicella	4236022	2
Arenimonas	2858904	9
Argonema	7473283	3
Arhodomonas	4258318	2
Aristaeella	3394085	3
Aristophania	2042558	2
Armatimonadetes	2814106	5
Armatimonas	6325924	1
Aromatoleum	5045950	7
Arsenicibacter	7560024	1
Arsenicicoccus	3686056	11
Arsenophonus	3388364	18
Arsukibacterium	3880636	8
Arthrobacter	4319918	286
Arthrospira	6356957	6
Arundinibacter	5828278	1
Asaccharospora	2622699	1
Asaia	3416060	11
Asanoa	8411724	6
Asinibacterium	3741992	2
Aster	723970	1
Asticcacaulis	4081052	12
Athalassotoga	2044999	1
Atlantibacter	4463068	100
Atlanticothrix	6527020	1
Atopobacter	2207974	1
Atopobiaceae	1997724	2
Atopobium	1843190	8
Atopococcus	2267201	1
Atopomonas	3618458	2
Atopostipes	2124342	1
Atribacter	2722146	2
Aulosira	9353054	1
Aurantiacibacter	3097132	9
Aurantibacillus	4604442	1
Aurantibacter	3321516	3
Aurantimicrobium	1719901	8
Aurantimonas	4936949	14
Auraticoccus	4131830	2
Aureibacillus	4382167	1
Aureibacter	6153288	2
Aureibaculum	4370476	2
Aureicoccus	3052917	1
Aureimonas	4525817	16
Aureispira	7592392	2
Aureivirga	4373022	2
Aureliella	8439957	1
Auritidibacter	2682870	10
Austwickia	3632372	2
Avibacterium	2527727	63
Azoarcus	5087885	8
Azohydromonas	6794214	4
Azomonas	3681235	2
Azonexus	3448311	8
Azorhizobium	5764629	4
Azorhizophilus	4679424	2
Azospira	3693997	8
Azospirillum	7102887	67
Azotobacter	5104751	25
Azovibrio	3988362	2
BD1-7	5282006	2
Baaleninema	6152351	1
Bacillaceae	4916067	3
Bacillales	2961365	2
Bacilli	3564998	2
Bacilliculturomica	4516356	1
Bacillota	3223659	6
Bacillus	4997414	7721
Bacterioplanes	4063131	2
Bacterioplanoides	3904512	1
Bacteriovorax	3933725	4
Bacteroidaceae	4389905	6
Bacteroidales	4073927	15
Bacteroides	5580437	2472
Bacteroidetes	1715629	2
Baekduia	5537748	2
Baileyella	2137287	1
Bailinhaonella	8989662	1
Balnearium	1727484	1
Balneatrix	3654252	2
Balneicella	2089523	1
Bariatricus	4219447	1
Barnesiella	3309222	41
Barrientosiimonas	3644362	2
Bartonella	2099212	367
Basfia	2267439	3
Basilea	1959069	1
Bathymodiolus	2307157	11
Baumannia	686194	1
Bdellovibrio	3758393	33
Beduinella	4182568	1
Beduini	2775613	1
Beggiatoa	3532745	4
Beijerinckia	4803934	3
Beijerinckiaceae	4097410	4
Belliella	4433165	8
Bellilinea	3698317	1
Belnapia	6345264	6
Bengtsoniella	3827159	1
Bergeyella	2277487	8
Bermanella	3609596	5
Bernardetia	5375047	6
Berryella	1885100	2
Betaproteobacteria	3833277	2
Beutenbergia	4669183	1
Bhargavaea	3062149	4
Bibersteinia	2382887	7
Bifidobacteriaceae	1664590	12
Bifidobacterium	2269778	1638
Billgrantia	4654870	10
Bilophila	4231009	10
Biomaibacter	3398411	1
Bisgaardia	2117308	2
Bittarella	3003843	3
Bizionia	3206541	5
Blastochloris	3781021	4
Blastococcus	4588553	15
Blastomonas	3762177	8
Blastopirellula	6678293	5
Blattabacterium	620665	92
Blautia	4059609	292
Blochmannia	779273	14
Bombella	1922000	4
Bombilactobacillus	1713690	11
Bombiscardovia	1937113	1
Bordetella	4135026	1142
Borrelia	1251771	95
Borreliella	1070550	230
Bosea	5860172	46
Boseongicola	3444075	1
Botrimarina	5153954	3
Boudabousia	2026093	3
Bovifimicola	3027291	1
Bowdeniella	2631064	2
Bowmanella	5174037	5
Brachybacterium	3764675	53
Brachymonas	2454572	6
Brachyspira	2899731	60
Brackiella	1922095	1
Bradymonadaceae	5366856	1
Bradymonadales	5357521	1
Bradymonas	5025887	2
Bradyrhizobiaceae	4336393	1
Bradyrhizobium	8615420	451
Brasilonema	7854294	9
Bremerella	6620785	4
Brenneria	4906432	16
Breoghania	4663597	3
Brevefilum	2574431	1
Brevibacillus	5728670	133
Brevibacterium	3789465	100
Brevinema	1501400	1
Brevirhabdus	3380897	2
Brevundimonas	3217309	187
Breznakia	2461343	1
Breznakibacter	4380952	1
Breznakiella	4646109	1
Brochothrix	2540004	14
Brockia	1879126	1
Brooklawnia	3406118	4
Brotomerdimonas	2648172	1
Brotonthovivens	3452403	1
Brucella	3585090	568
Brucepastera	3239032	1
Brumimicrobium	3635107	2
Brunnivagina	7006470	1
Bryobacterales	6692160	1
Buchananella	2424492	7
Buchnera	546768	135
Budvicia	5668731	1
Bulleidia	1545033	1
Burkholderia	7255667	2241
Burkholderiaceae	7586503	2
Burkholderiales	3283520	9
Buttiauxella	5071888	9
Butyribacter	3595726	4
Butyricicoccus	3092506	28
Butyricimonas	4957396	52
Butyrivibrio	4098505	48
Bythopirellula	6308460	2
Caballeronia	7600200	36
Caecibacter	2650542	1
Caedibacter	1323505	1
Caenibius	3924783	2
Caenimonas	4704954	3
Caenispirillum	5034490	3
Caldalkalibacillus	3143339	3
Caldanaerobacter	2503084	3
Caldanaerobius	2630314	2
Caldanaerovirga	2264710	1
Calderihabitans	3064849	1
Caldibacillus	3689644	8
Caldicellulosiruptor	2712359	15
Caldichromatium	2989870	1
Caldicoprobacter	2579145	1
Caldifermentibacillus	3919359	16
Caldilinea	5361582	5
Caldimicrobium	1814952	1
Caldimonas	4097735	14
Caldinitratiruptor	3599694	1
Caldisericum	1558103	1
Calditerrivibrio	2216552	1
Caldithrix	4966990	2
Caldovatus	4797000	1
Calidifontibacillus	3575797	1
Calidifontibacter	3493290	1
Calidithermus	3939796	2
Caloramator	2772151	6
Caloranaerobacter	2500712	2
Calothrix	9229155	15
Calycomorphotria	5163473	1
Camelimonas	4525323	3
Camelliibacillus	3536314	1
Caminibacter	1778726	2
Caminicella	2478090	2
Campylobacter	1728582	2129
Candidatus	1825210	871
Candidimonas	4713901	1
Canicola	2296682	1
Capillimicrobium	5953270	1
Capnocytophaga	2717411	71
Caproicibacter	3763880	2
Caproicibacterium	2371857	6
Caproiciproducens	3265727	4
Capsulimonas	7645051	1
Carbonactinospora	5014930	1
Carboxydocella	2679808	4
Carboxydochorda	3313549	1
Carboxydothermus	2423937	4
Carboxylicivirga	5435563	1
Cardidatus	1956558	1
Cardinium	1112480	7
Cardiobacterium	2602579	8
Carnobacterium	3003827	56
Casaltella	2375244	1
Casimicrobium	4465898	1
Castellaniella	3106562	34
Catalinimonas	7495478	3
Catellatospora	8894449	17
Catelliglobosispora	7688589	1
Catenibacillus	3872981	1
Catenibacterium	2610887	27
Catenisphaera	1998595	1
Catenovulum	4741930	4
Catenulispora	10704064	3
Catenuloplanes	9528617	2
Catonella	3479204	1
Caulifigura	6761146	1
Caulobacter	4915539	43
Cecembia	4747752	1
Cedecea	5002491	15
Celeribacter	3934248	18
Celerinatantimonas	3987286	2
Cellulomonas	4020525	68
Cellulophaga	4249758	22
Cellulosilyticum	4782215	3
Cellulosimicrobium	4438031	49
Cellvibrio	4787229	15
Centipeda	2761262	1
Cerasibacillus	2792598	1
Cerasicoccus	4127780	2
Cereibacter	4547250	29
Cesiribacter	6791086	1
Cetobacterium	2546922	24
Chachezhania	5318300	2
Chakrabartia	2938868	2
Chakrabartyella	3403101	1
Chamaesiphon	6761765	1
Changchengzhania	4130958	1
Changpingibacter	2661583	1
Chania	5488183	1
Chelativorans	4566025	6
Chelatococcus	5038362	9
Chenggangzhangella	5527513	2
Chiayiivirga	4067001	1
Chimaeribacter	4927708	2
Chishuiella	3382974	6
Chitinasiproducens	5363581	1
Chitinibacter	3494242	7
Chitinilyticum	3826998	2
Chitinimonas	4797654	8
Chitiniphilus	4250083	4
Chitinivorax	4412880	2
Chitinolyticbacter	4325960	1
Chitinophaga	7391680	70
Chitinophagaceae	3705502	2
Chlamydia	1103191	527
Chlamydiales	1114738	2
Chlamydiifrater	1203946	5
Chlamydophila	1160112	1
Chloracidobacterium	3719483	10
Chlorobaculum	2449823	5
Chlorobium	2332878	7
Chloroflexi	842801	1
Chloroflexia	6761922	1
Chloroflexus	4845635	9
Chlorogloea	5226129	2
Chlorogloeopsis	7772116	4
Chloroherpeton	3293456	1
Chondrinema	10142296	1
Chondrocystis	5002520	1
Chondromyces	11388132	1
Chordicoccus	3267205	1
Christensenella	2794353	12
Christensenellaceae	3026655	1
Christiangramia	3589463	16
Chromatium	3685971	3
Chromobacterium	4917332	62
Chromohalobacter	3563522	9
Chroococcidiopsis	7443140	6
Chryseobacterium	4677145	287
Chryseoglobus	2544477	1
Chryseolinea	7801450	5
Chryseomicrobium	2684735	3
Chryseosolibacter	6924231	2
Chrysiogenes	2825161	1
Chthoniobacter	7820978	2
Chthonobacter	4644500	1
Chthonomonas	3438022	4
Chungangia	3062254	1
Ciceribacter	4938960	10
Citreicella	5267418	2
Citreimonas	3907388	2
Citricoccus	3636393	17
Citrifermentans	4574890	3
Citrobacter	5191569	1332
Citromicrobium	3258499	1
Citroniella	1860670	1
Claveliimonas	3152416	4
Clavibacter	3294129	59
Cloacibacillus	3362439	9
Cloacibacterium	2809551	13
Clostridia	3476686	3
Clostridiaceae	3532821	44
Clostridiales	3671728	32
Clostridiisalibacter	3250627	1
Clostridioides	4156256	1617
Clostridium	3690633	1373
Cnuella	5696047	1
Cnuibacter	4169103	3
Cobetia	4103200	23
Cochlodiniinecator	3702221	1
Cocleimonas	4491576	1
Cognaticolwellia	4320872	5
Cognatiluteimonas	2645303	4
Cognatilysobacter	3208025	3
Cognatishimia	3308169	6
Cohaesibacter	5113671	5
Cohnella	6850107	39
Coleofasciculus	7367530	2
Collimonas	5307089	12
Collinsella	2255123	357
Colwellia	4493676	20
Comamonadaceae	3078576	1
Comamonas	4935249	105
Commensalibacter	1970604	17
Companilactobacillus	2572138	50
Compostibacillus	3376322	1
Conchiformibius	2144034	5
Conexibacter	4960009	7
Confluentibacter	4136527	1
Congregibacter	4049752	3
Consotaella	5034810	2
Constantimarinum	2987299	1
Convivina	1600079	1
Conyzicola	3336228	1
Coprobacillus	3013095	60
Coprobacter	3721171	8
Coprococcus	3256018	127
Coprothermobacter	1424644	2
Coraliomargarita	3859316	3
Corallibacter	2928006	1
Corallincola	4271466	2
Coralliovum	3918007	1
Corallococcus	9132399	14
Coralloluteibacterium	3855379	2
Coriobacteriaceae	2285958	27
Coriobacteriales	1698073	1
Coriobacterium	2115681	1
Corticibacter	4198928	1
Corynebacteriaceae	2772217	3
Corynebacterium	2560457	1072
Costertonia	3910334	1
Couchioplanes	7832397	4
Coxiella	1951951	70
Coxiella-like	1167191	4
Crassaminicella	3476205	3
Crateriforma	7182630	3
Craterilacuibacter	3218671	1
Craurococcus	5434719	1
Crenalkalicoccus	4431246	1
Crenobacter	3890833	5
Crinalium	5620407	1
Croceibacter	2936870	3
Croceibacterium	3560032	7
Croceicoccus	3740883	8
Croceimicrobium	4035598	1
Croceivirga	3650018	3
Crocinitomix	4622888	1
Crocosphaera	5471327	8
Cronbergia	5780393	1
Cronobacter	4500734	354
Crossiella	9932719	5
Cruoricaptor	2098437	2
Cryobacterium	3855327	40
Cryocola	4090615	1
Cryomorphaceae	2891733	1
Cryptobacterium	1617804	1
Cryptosporangium	9274835	7
Cucumibacter	3713661	1
Culturomica	4216829	3
Cumulibacter	3904919	1
Cuneatibacter	3462725	1
Cupriavidus	6858975	141
Curtobacterium	3750344	162
Curvibacter	5240117	8
Curvivirga	3561564	1
Cuspidothrix	4547138	1
Cutibacterium	2512886	159
Cyanobacterium	3931928	8
Cyanobium	3012910	8
Cyanosarcina	7549128	1
Cyclobacterium	5908674	9
Cycloclasticus	2429526	5
Cyclonatronum	4294247	1
Cylindrospermopsis	3834300	24
Cylindrospermum	7610589	1
Cypionkella	3389650	5
Cysteiniphilum	3122368	9
Cystobacter	12144648	3
Cytobacillus	5076128	80
Cytophaga	4411374	3
Cytophagales	5391770	1
Dactylococcopsis	3781008	1
Dactylosporangium	11760010	37
Daeguia	3246030	1
Daejeonella	3960698	7
Dankookia	6477719	1
Danxiaibacter	7287640	1
Dasania	4104988	1
Dawidia	7400250	2
Dechloromonas	3998583	12
Deefgea	3568399	4
Deferribacter	2542933	1
Defluviicoccus	4226795	1
Defluviimonas	4164090	7
Defluviitalea	2777186	2
Defluviitoga	2053097	1
Dehalobacter	3199853	11
Dehalobacterium	3766545	1
Dehalococcoides	1401714	35
Dehalogenimonas	1892441	7
Deinobacterium	3761736	1
Deinococcus	3934929	96
Delftia	6700838	58
Dellaglioa	1570579	1
Demequina	2809435	26
Dendronalium	8381979	2
Dendrosporobacter	4130502	1
Denitratisoma	4031259	3
Denitrificimonas	2995991	3
Denitrobacterium	2409760	3
Denitrobaculum	6442184	1
Denitromonas	3848276	1
Denitrovibrio	3222077	1
Dermabacter	2346942	11
Dermacoccus	3042573	15
Dermatobacter	4661060	1
Dermatophilus	2659769	42
Derxia	5185168	1
Desemzia	2654254	9
Desertibacillus	4418026	1
Desmonostoc	8982067	1
Desmospora	3693727	1
Desnuesiella	5503198	1
Desulfacinum	3968309	2
Desulfamplus	6677998	1
Desulfarculus	3655731	1
Desulfatibacillum	6484912	3
Desulfatiglans	4667344	1
Desulfatirhabdium	4481975	1
Desulfitibacter	4361351	1
Desulfitobacterium	4907755	13
Desulfobacca	3282536	1
Desulfobacter	4172215	13
Desulfobacula	5147030	3
Desulfobaculum	3432727	3
Desulfobotulus	4004434	1
Desulfobulbus	3580407	5
Desulfocapsa	4023512	1
Desulfocarbo	5114044	1
Desulfocicer	5035799	1
Desulfococcus	4431960	3
Desulfocurvibacter	4301530	2
Desulfocurvus	3627185	1
Desulfofalx	2622239	1
Desulfofarcimen	4545624	1
Desulfoferula	4479191	1
Desulfofundulus	3087549	5
Desulfofustis	4604720	2
Desulfoglaeba	3365583	1
Desulfogranum	5298690	2
Desulfohalobium	2909567	1
Desulfolithobacter	3596428	1
Desulfoluna	6480483	4
Desulfolutivibrio	4189488	4
Desulfomarina	4307339	1
Desulfomicrobium	3926318	7
Desulfomonile	6527027	1
Desulfonatronospira	4107394	1
Desulfonatronovibrio	3563018	3
Desulfonatronum	4198027	2
Desulfonema	7467911	2
Desulfopila	6316145	1
Desulfoplanes	3000979	1
Desulfoprunum	3784550	1
Desulforamulus	3248295	8
Desulforapulum	5657782	1
Desulforegula	4469042	1
Desulforhabdus	4933642	1
Desulforhopalus	5008860	1
Desulfosalsimonas	4022696	1
Desulfosarcina	6406977	6
Desulfoscipio	4256326	3
Desulfosediminicola	6202510	2
Desulfosoma	3423351	1
Desulfosporosinus	5145063	11
Desulfosudis	3944167	1
Desulfotalea	3659634	1
Desulfotomaculum	3221829	3
Desulfotruncus	4343192	2
Desulfovermiculus	3242094	1
Desulfovibrio	3288985	44
Desulfovibrionaceae	2655841	1
Desulfovirgula	3060447	1
Desulfovulcanus	2585834	1
Desulfurella	1819427	3
Desulfurispira	2497006	1
Desulfurispirillum	2940685	2
Desulfurivibrio	3097763	1
Desulfurobacterium	1621836	5
Desulfuromonas	3714025	9
Desulfuromusa	3744894	1
Dethiosulfatarculus	5934994	1
Dethiosulfatibacter	4034121	1
Dethiosulfovibrio	2678779	5
Devosia	4202130	59
Devriesea	2958880	1
Dialister	1879522	21
Diaminobutyricibacter	4124400	2
Diaminobutyricimonas	3222608	1
Diaphorobacter	4187651	21
Dichelobacter	1389350	2
Dickeya	4856876	146
Dictyobacter	7209578	1
Dictyoglomus	1862576	4
Dielma	3570803	6
Dietzia	3649231	51
Dinoroseobacter	4488087	3
Diplocloster	5720208	3
Dissulfurimicrobium	2025450	1
Dissulfurispira	2289198	2
Dokdonella	3968908	11
Dokdonia	3743330	15
Dolichospermum	5167439	17
Dolosicoccus	1760148	2
Dolosigranulum	1944404	36
Domibacillus	4230752	6
Donghicola	4687719	1
Dongia	4876453	8
Dongshaea	5112152	1
Dorea	3204650	98
Draconibacterium	5028320	4
Drancourtella	2949896	4
Dubosiella	2088170	64
Duffyella	4500819	4
Duganella	6542024	21
Dulcicalothrix	11418669	2
Duncaniella	2513251	163
Duodenibacillus	2257933	3
Dyadobacter	7178768	31
Dyella	4931298	44
Dysgonomonas	4500170	31
Dysosmobacter	2872292	4
Echinicola	5757737	9
Ectobacillus	4723792	5
Ectopseudomonas	5218776	46
Ectothiorhodosinus	1995195	1
Ectothiorhodospira	3294044	6
Ectothiorhodospiraceae	3515198	2
Edaphobacillus	3052035	1
Edaphobacter	5064209	7
Edaphocola	3695503	1
Edaphovirga	5193810	1
Edwardsiella	3868980	193
Effusibacillus	3937893	3
Eggerthella	3340671	77
Eggerthellaceae	2682364	2
Eggerthia	1933082	2
Egibacter	4637169	1
Egicoccus	3980161	1
Ehrlichia	1377651	36
Eikenella	2253419	13
Eisenbergiella	6887196	25
Eisenibacter	4030713	1
Eleftheria	7032382	1
Elioraea	3933439	5
Elizabethkingia	4078305	223
Elongatibacter	4534041	1
Elstera	3892187	4
Elusimicrobium	1643562	1
Embleya	11368850	18
Emcibacter	3755736	2
Emergencia	4138753	6
Empedobacter	3201227	67
Emticicia	3942947	10
Endobacter	3629288	1
Endobacterium	6136518	1
Endomicrobium	1588979	1
Endozoicomonas	6102931	17
Enemella	4430401	1
Enhydrobacter	4429105	4
Enorma	2316158	5
Ensifer	7327171	56
Enteractinococcus	2913797	1
Enterobacillus	4931017	1
Enterobacter	4968528	3260
Enterobacterales	4483417	1
Enterobacteriaceae	2124536	40
Enterocloster	5864397	136
Enterococcaceae	2039736	1
Enterococcus	3017344	5716
Enterovibrio	5415579	29
Enterovirga	4135587	3
Entomobacter	2701842	1
Entomohabitans	5453996	1
Entomomonas	3300104	3
Entomoplasma	838114	1
Entomospira	1751268	4
Eoetvoesiella	4752396	1
Ephemeroptericola	2723407	1
Epibacterium	4094732	2
Epidermidibacterium	4018808	1
Epilithonimonas	3356800	25
Ereboglobus	4175033	1
Eremococcus	1869643	1
Erwinia	4208508	387
Erysipelatoclostridium	2511840	2
Erysipelothrix	1824905	160
Erysipelotrichaceae	3623816	24
Erythrobacter	3248101	37
Erythrobacteraceae	2261573	1
Escherichia	5121329	18560
Eshraghiella	2504467	3
Estrella	2829331	1
Ethanoligenens	3020471	5
Eubacteriaceae	3128070	14
Eubacterium	3111665	126
Eudoraea	3906474	1
Euhalothece	3524308	1
Euzebya	6371455	1
Euzebyella	4692501	2
Evansella	5146567	7
Evtepia	2378668	3
Ewingella	5101916	1
Exercitatus	2273231	3
Exiguobacterium	2976781	164
Exilibacterium	7176565	1
Extensimonas	3215917	4
Ezakiella	1801922	4
Facilibium	2871084	1
Facklamia	1891962	6
Faecalibacillus	2816482	33
Faecalibacter	2948175	4
Faecalibacterium	3004391	120
Faecalibaculum	2266088	210
Faecalicatena	4962120	16
Faecalicoccus	2238737	11
Faecalimicrobium	3735762	1
Faecalimonas	3039468	12
Faecalispora	3434756	6
Faecalitalea	1922356	24
Falsarthrobacter	2187394	1
Falseniella	1686373	2
Falsibacillus	4175452	2
Falsigemmobacter	4098029	3
Falsihalocynthiibacter	3977615	3
Falsirhodobacter	3244728	3
Falsiroseomonas	6271833	4
Falsiruegeria	4907076	2
Falsochrobactrum	3270454	3
Fangia	2946743	1
Fannyhessea	1456594	3
Fastidiosipila	1785891	1
Faucicola	2740046	1
Fenollaria	1672252	4
Fermentimonas	2808926	1
Ferribacterium	4250232	4
Ferrigenium	2572603	1
Ferrimicrobium	2749654	14
Ferrimonas	4482535	9
Ferriphaselus	2579414	2
Ferrithrix	2489535	1
Ferrovibrio	4238150	10
Ferrovum	2395248	8
Ferruginibacter	3860813	4
Fervidibacillus	3044253	2
Fervidobacterium	2105985	9
Fibrella	6670971	4
Fibrisoma	7799645	1
Fibrobacter	3269807	55
Fictibacillus	4344382	19
Fidelibacter	2788509	1
Fidelibacterota	2047537	7
Filibacter	3123030	1
Filifactor	2370313	2
Filimonas	7476944	5
Filobacillus	3242837	1
Filomicrobium	3847194	1
Fimbriimonas	5231762	1
Finegoldia	1868828	15
Firmicutes	2418949	63
Fischerella	5843464	38
Flagellatimonas	3608892	1
Flagellimonas	4035750	44
Flammeovirga	7335948	10
Flammeovirgaceae	6665617	1
Flaviaesturariibacter	4883188	2
Flavicella	4583336	1
Flaviflagellibacter	3738652	1
Flaviflexus	2524991	6
Flavihumibacter	4832886	5
Flavimobilis	2899842	2
Flaviramulus	3365092	3
Flavisolibacter	5232648	3
Flavivirga	5258083	8
Flavobacteria	3103424	1
Flavobacteriaceae	3307695	7
Flavobacterium	3880868	558
Flavonifractor	4278075	79
Flectobacillus	6482468	2
Flexibacter	4249974	1
Flexilinea	3510630	1
Flexistipes	2526590	1
Flexithrix	9536821	1
Flexivirga	4501232	2
Flintibacter	2917795	1
Flocculibacter	3973578	1
Floricoccus	2159127	1
Fluctibacter	4076444	2
Fluoribacter	3803299	7
Fluviibacter	2260795	4
Fluviicoccus	3682372	1
Fluviicola	4452636	2
Fluviispira	3554313	3
Fodinibius	4184766	3
Fodinicola	8979164	1
Fodinicurvata	3814099	2
Fodinisporobacter	4856687	1
Foetidibacter	7288627	1
Fontibacillus	5440919	4
Fontibacter	4486109	1
Fonticella	3103119	1
Fontimonas	2733540	1
Fontisphaera	4726914	1
Fontisubflavum	3592879	1
Formicincola	1961668	1
Formosa	3447051	8
Fortiea	5742264	1
Francisella	1881486	271
Franconibacter	4691898	6
Frankia	6874914	42
Frankineae	4228702	1
Franzmannia	4402189	1
Frateuria	3824482	7
Frederiksenia	2136304	1
Fredinandcohnia	4904748	6
Fretibacter	3450490	1
Fretibacterium	2789016	2
Friedmanniella	4717614	1
Frigidibacter	4631743	5
Frigoribacterium	3385975	29
Frigoriflavimonas	3432477	2
Frigoriglobus	9857393	1
Frischella	2524209	3
Frisingicoccus	2716364	1
Frondihabitans	3917885	8
Fructilactobacillus	1384213	43
Fructobacillus	1450806	9
Fuerstiella	8920478	1
Fulvimarina	4108781	4
Fulvimonas	3662083	2
Fulvitalea	7397925	1
Fulvivirga	6298758	10
Fundicoccus	3224940	1
Fundidesulfovibrio	4139456	4
Furfurilactobacillus	2620224	12
Fuscovulum	3945553	2
Fusibacillus	2906142	1
Fusibacter	4608797	3
Fusicatenibacter	3912174	18
Fusobacterium	2450268	302
Gabonia	4261367	1
Gabonibacter	3397023	1
Gaetbulibacter	3389937	5
Galactobacillus	2860181	1
Galactobacter	3463320	2
Galbibacter	4165451	5
Galbitalea	3332109	1
Gallaecimonas	3659436	5
Gallibacterium	2558128	15
Gallintestinimicrobium	3795992	1
Gallionella	3162471	1
Gammaproteobacteria	2410964	4
Gandjariella	6115205	1
Gangjinia	3082750	1
Gaopeijia	4221440	4
Garciella	2213280	2
Gardnerella	1611957	112
Garicola	2629497	1
Geitlerinema	4851110	3
Gelatiniphilus	3730324	2
Gelidibacter	4543249	7
Gellertiella	4775132	2
Gelria	2880462	1
Gemella	1811206	20
Gemelliphila	1289860	1
Geminicoccus	5698370	1
Geminocystis	4208337	4
Gemmata	9246757	6
Gemmataceae	7855892	1
Gemmatimonadetes	630041	1
Gemmatimonas	4708096	5
Gemmatirosa	7479215	1
Gemmiger	3196742	21
Gemmobacter	4297315	16
Geoalkalibacter	3972296	5
Geoanaerobacter	4337996	1
Geobacillus	3241786	124
Geobacter	3904583	22
Geochorda	3019339	1
Geodermatophilaceae	5164976	2
Geodermatophilus	5080792	20
Geofilum	4148783	1
Geomicrobium	3510585	1
Geomonas	4985942	11
Geopseudomonas	3899364	2
Georgenia	4016064	16
Georhizobium	4196856	2
Geosporobacter	4837614	2
Geotalea	4544659	3
Geothermobacter	3842851	1
Geothrix	3654384	17
Geotoga	2160957	3
Geovibrio	2997552	1
Gephyromycinifex	3449783	1
Ghiorsea	2163552	1
Gibbsiella	5513948	2
Giesbergeria	3416687	3
Gilliamella	2592496	98
Gillisia	3669888	5
Gilvibacter	2977074	5
Gilvimarinus	4056423	8
Gimesia	7784629	19
Gimibacter	3591884	1
Glaciecola	4106313	8
Glaciibacter	4802534	1
Glaciihabitans	3477829	1
Glaciimonas	4829719	4
Glaesserella	2263763	291
Gleimia	2001771	5
Globicatella	2447518	6
Gloeobacter	4828735	3
Gloeocapsa	5982414	2
Gloeocapsopsis	5618434	1
Gloeomargarita	3049282	1
Gloeothece	7198058	2
Gluconacetobacter	3931016	4
Gluconobacter	3343682	46
Glutamicibacter	3666161	65
Glycocaulis	3002000	4
Glycomyces	5587661	30
Goekera	4884177	2
Goodfellowiella	8779662	1
Gordonia	5117482	130
Gordonibacter	3089510	28
Gorillibacterium	5078535	3
Gottfriedia	4869161	12
Gottschalkia	3108248	1
Gracilibacillus	4242200	17
Gracilimonas	3331786	7
Gracilinema	3239340	1
Gramella	3524642	4
Granulibacter	2719780	10
Granulicatella	1972392	11
Granulicella	5411672	11
Granulicoccus	4117723	1
Granulimonas	2058130	1
Granulosicoccus	7783862	1
Grimontella	5790929	1
Grimontia	4589185	6
Gryllotalpicola	3343282	3
Gudongella	2210400	2
Gulbenkiania	2855437	3
Gulosibacter	2797486	8
Guyparkeria	2361870	5
Gymnodinialimonas	4066749	4
Gynuella	6475959	1
Gynurincola	4525614	1
Haematobacter	4243651	3
Haematospirillum	2467625	1
Haemophilus	1913689	289
Hafnia	4714939	64
Hafniaceae	4883880	1
Hahella	6344602	5
Halalkalibacillus	2785384	2
Halalkalibacter	4652154	6
Halalkalibacterium	4156322	19
Halanaerobium	2885630	28
Halarcobacter	3078742	7
Halarsenatibacter	2718640	1
Haliangium	9446314	1
Haliea	4547391	2
Halioglobus	4507763	5
Haliovirga	2725473	1
Halioxenophilus	5942233	1
Haliscomenobacter	7668627	3
Hallella	3368459	7
Hallerella	2849881	1
Haloactinopolyspora	5539514	1
Halobacillus	4051255	29
Halobacteriovorax	3326313	18
Halobacteroides	2649255	1
Halocella	4035760	1
Halochromatium	4500995	2
Halodesulfovibrio	3692175	5
Haloechinothrix	5390805	3
Haloferula	5268340	3
Haloimpatiens	3726216	4
Halolactibacillus	2914723	3
Halomarinibacterium	2957540	1
Halomicronema	5577845	1
Halomonas	4112633	181
Halonatronomonas	2963150	1
Halonatronum	2884521	1
Halopolyspora	4565527	1
Halopseudomonas	3849214	34
Halorhodospira	2751232	5
Halospina	3318232	1
Halosquirtibacter	4826188	2
Halostreptopolyspora	5266132	1
Halotalea	4426628	2
Halothece	4179170	1
Halothermothrix	2578146	1
Halothiobacillus	2520593	6
Halotia	7297492	2
Halovulum	4633797	1
Hamadaea	8921306	4
Hankyongella	2880809	1
Hansschlegelia	3956128	3
Haoranjiania	3301167	1
Hapalosiphon	7429720	1
Haploplasma	1559904	3
Harryflintia	2997862	3
Hartmannibacter	5449775	1
Hassallia	7501515	1
Hathewaya	2867213	3
Helcobacillus	2548098	1
Helcococcus	1901450	6
Helicobacter	1690294	1623
Helicovermis	3122901	1
Heliomarina	5333784	1
Heliomicrobium	3075407	1
Heliorestis	3218981	1
Hellea	3208823	1
Heminiphilus	3181588	2
Henriciella	3615735	6
Hephaestia	4524961	1
Herbaspirillum	5427312	44
Herbiconiux	4196798	14
Herbidospora	8423366	7
Herbihabitans	6627535	1
Herbinix	2609352	1
Herminiimonas	3680324	5
Herpetosiphon	6384310	2
Hespellia	4402942	1
Heyndrickxia	3681210	88
Hippea	1694430	1
Hirschia	3461575	3
Histidinibacterium	4129082	2
Histophilus	2125529	50
Hoeflea	5139091	13
Holdemanella	2410022	22
Holdemania	3893591	16
Holophaga	4127237	1
Holospora	1559068	2
Holzapfeliella	1289346	1
Hominenteromicrobium	3114530	2
Hominibacterium	4857805	1
Hominimerdicola	2965035	1
Hoministercoradaptatus	3932285	1
Homoserinibacter	2928956	2
Hongsoonwoonella	4361126	1
Horticoccus	4320198	1
Hoylesella	3001696	23
Hoyosella	4203996	2
Hugenholtzia	4254862	1
Hugonella	2090771	1
Huintestinicola	3013746	1
Hujiaoplasma	1808583	1
Humibacillus	5007949	2
Humibacter	4024661	2
Humidesulfovibrio	3493264	2
Humisphaera	7189892	1
Humitalea	4974508	1
Hungateiclostridiaceae	3802844	1
Hungatella	6975066	64
Hutsoniella	2067037	1
Hwangdonia	3801249	3
Hyalangium	13559219	1
Hydrocarboniclastica	4258501	1
Hydrocarboniphaga	3968824	2
Hydrococcus	5148315	1
Hydrocoleum	8387203	1
Hydrogenibacillus	2625593	2
Hydrogeniiclostridium	3057707	1
Hydrogenimonas	2254087	8
Hydrogenispora	5983490	1
Hydrogenoanaerobacterium	3175071	2
Hydrogenobacter	1745305	7
Hydrogenobaculum	1554152	5
Hydrogenophaga	4679517	58
Hydrogenophilus	2252214	2
Hydrogenothermus	1604000	1
Hydrogenovibrio	2558343	6
Hydromonas	2427609	1
Hydrotalea	3051902	4
Hyella	8063701	1
Hylemonella	3583466	4
Hymenobacter	5254363	70
Hypericibacter	5879682	2
Hyphobacterium	2998116	5
Hyphococcus	3307488	2
Hyphomicrobiales	5830047	681
Hyphomicrobium	4017244	16
Hyphomonas	3449698	46
Hypnocyclicus	2218931	1
Hyunsoonleella	3714786	6
Iamia	4913266	2
Ichthyenterobacterium	3009115	1
Ichthyobacterium	1921407	1
Ideonella	5338461	8
Idiomarina	2752134	49
Idiomarinaceae	2740121	1
Ignatzschineria	2550551	6
Ignavibacterium	3437364	5
Ignavigranum	1953936	2
Ihuprevotella	2771606	1
Ileibacterium	2495988	29
Ilumatobacter	4830181	1
Ilyobacter	3132314	1
Ilyomonas	5883685	1
Immundisolibacter	2914588	3
Imperialibacter	6785649	4
Imtechella	3113111	1
Indioceanicola	5374982	1
Inediibacterium	3497276	1
Inhella	4288459	4
Iningainema	9507908	2
Inquilinus	7576459	4
Insolitispirillum	4691232	2
Intestinibacillus	2938350	2
Intestinibacter	2955983	24
Intestinibaculum	3212924	1
Intestinimonas	3310634	31
Intestinirhabdus	4829483	1
Intrasporangiaceae	4567713	1
Intrasporangium	4260506	5
Iocasia	3926493	1
Iodidimonas	3006349	1
Iodobacter	4677850	6
Isoalcanivorax	3595630	2
Isobaculum	2821134	1
Isoptericola	3909898	20
Isorropodon	1447997	1
Isosphaera	5529304	1
Izhakiella	4261852	2
Jacksonvillea	5711777	1
Janibacter	3426618	32
Jannaschia	3814844	11
Janthinobacterium	6238047	67
Jatrophihabitans	4379712	4
Jejubacter	5182800	1
Jejudonia	2820091	1
Jejuia	3807289	1
Jeongeupia	3593728	2
Jeotgalibaca	2370178	7
Jeotgalibacillus	3652812	4
Jeotgalicoccus	2234939	14
Jhaorihella	3771953	1
Jiangella	7112596	7
Jiella	5551578	3
Johnsonella	2687075	1
Jonesia	2815173	5
Jonesiaceae	3009940	1
Jonquetella	1732996	2
Kaistella	2833444	23
Kaistia	5172971	4
Kalamiella	5202273	1
Kallipyga	1770670	1
Kallotenue	8852228	1
Kamptonema	6741336	2
Kandeliimicrobium	4408274	1
Kandleria	2057640	8
Kangiella	2598887	9
Kaustia	4630536	1
Keguizhuia	4049051	1
Keratinibaculum	2278305	2
Kerstersia	3964102	4
Ketobacter	4914503	1
Ketogulonicigenium	3130552	7
Kibdelosporangium	11500920	5
Kiloniella	4220414	4
Kineobactrum	4649503	1
Kineococcus	4666588	13
Kineosporia	7788339	5
Kineothrix	4329372	2
Kingella	2051278	60
Kinneretia	5538945	1
Kiritimatiella	2949723	1
Kitasatospora	9012573	337
Klebsiella	5652507	12126
Klenkia	4782514	2
Klugiella	2921981	1
Kluyvera	4941231	28
Knoellia	3907307	8
Kocuria	3047641	106
Koleobacter	3102782	1
Komagataeibacter	3761226	37
Komarekiella	8497696	1
Konateibacter	4260837	1
Kordia	5338835	3
Kordiimonas	4043785	10
Kosakonia	5067534	64
Kosmotoga	2235648	2
Kovacikia	8564336	1
Kozakia	3280512	4
Krasilnikoviella	4846016	1
Kribbella	8642975	84
Kribbibacterium	2219977	2
Kriegella	6057242	1
Kroppenstedtia	3563149	6
Ktedonobacter	13661586	1
Ktedonosporobacter	11340617	1
Kurthia	3194883	11
Kushneria	3672775	6
Kutzneria	10825334	12
Kyrpidia	3330490	6
Kytococcus	2592528	12
Labedaea	8317180	1
Labilibacter	6372092	1
Labilibaculum	5285363	4
Labilithrix	12191466	1
Labrenzia	6435765	11
Labrys	7522691	7
Laceyella	3591422	6
Lachnoanaerobaculum	2938137	10
Lachnobacterium	2620140	3
Lachnoclostridium	3263494	23
Lachnospira	2953977	28
Lachnospiraceae	3669357	123
Lachnotalea	5013628	2
Lacibacter	4683619	3
Lacibacterium	4505139	1
Lacicoccus	2575140	2
Lacihabitans	5682144	2
Lacimicrobium	4353108	2
Lacinutrix	3347314	9
Lacipirellula	6876617	2
Lacisediminihabitans	3548113	2
Lacisediminimonas	4495673	1
Lacrimispora	5006795	24
Lacticaseibacillus	2991846	480
Lacticigenium	2134509	1
Lactiplantibacillus	3308580	753
Lactobacillaceae	2017471	1
Lactobacillus	1898125	1310
Lactococcus	2383875	506
Lactonifactor	4894314	11
Lactovum	1755291	1
Lacunisphaera	4199284	1
Laedolimicola	3561714	1
Lamprobacter	5693679	1
Lamprocystis	6908745	1
Lampropedia	3579579	2
Lancefieldella	1592626	4
Lapidilactobacillus	1805592	4
Lapillicoccus	4549484	1
Laribacter	3282045	4
Larkinella	7341782	7
Larsenimonas	3251938	4
Lascolabacillus	2248915	3
Laspinema	7066216	8
Latilactobacillus	1997729	109
Lautropia	3328298	4
Lawsonella	1777248	5
Lawsonia	1704967	5
Lawsonibacter	3126090	1
Leadbettera	3855671	1
Leadbetterella	4290479	2
Leclercia	4928389	66
Lederbergia	4489133	12
Leeia	3541583	1
Leekyejoonella	5316486	1
Leeuwenhoekiella	4150795	21
Legionella	3481438	583
Leifsonia	3957045	51
Leisingera	4703939	35
Lelliottia	4532074	21
Leminorella	4127017	4
Lentibacillus	3611792	15
Lentibacter	2973884	6
Lentilactobacillus	2640829	86
Lentilitoribacter	3987096	2
Lentimicrobium	3880009	5
Lentimonas	4874031	7
Lentisalinibacter	4122570	2
Lentisphaera	5457903	1
Lentisphaerae	327034	1
Lentzea	9623115	49
Leptodesmis	5348817	1
Leptogranulimonas	2018144	2
Leptolyngbya	6720903	18
Leptolyngbyaceae	5530491	1
Leptonema	4522760	1
Leptospira	4400957	336
Leptospirillum	2621651	7
Leptothermofonsia	6426061	1
Leptothoe	5145627	3
Leptothrix	3080213	7
Leptotrichia	2392297	32
Leucobacter	3346306	44
Leuconostoc	1942261	296
Leuconostocaceae	2296823	1
Leucothrix	5934752	2
Levilactobacillus	2636434	126
Levilinea	4217183	1
Levyella	1713902	1
Lewinella	6418548	4
Lewinellaceae	5481126	1
Leyella	2822995	15
Liberibacter	1513389	2
Lichenibacterium	5801291	1
Lichenicoccus	4788108	1
Lichenicola	6061304	1
Lichenifustis	7523782	1
Lichenihabitans	4629876	4
Ligaoa	2718408	7
Ligilactobacillus	2039351	315
Lignipirellula	9565229	1
Lihuaxuella	3808945	1
Limibacillus	3481263	1
Limihaloglobus	3868357	1
Limimaricola	3742417	7
Limimonas	3039361	1
Limisalsivibrio	2971658	1
Limisphaera	3908748	1
Limnobacter	3354184	19
Limnobaculum	4378142	5
Limnochorda	3817036	1
Limnofasciculus	6604967	1
Limnoglobus	9378099	1
Limnohabitans	2811588	18
Limnoraphis	7300478	4
Limnospira	5822446	7
Limnothrix	4558667	2
Limobrevibacterium	5373152	1
Limoniibacter	3621476	2
Limosilactobacillus	2079110	588
Lipingzhangella	4687755	1
Liquorilactobacillus	2460576	25
Lishizhenia	3567068	1
Listeria	2968077	2394
Litchfieldella	4961275	3
Litchfieldia	4975335	4
Litoreibacter	3718760	2
Litoribacillus	5083356	1
Litoribacter	4399318	2
Litoribrevibacter	4760730	1
Litorilituus	4207748	2
Litorimonas	2663336	2
Litorisediminicola	4233378	1
Litorivicinus	2346037	1
Litorivita	3421533	1
Litorivivens	3489636	1
Loigolactobacillus	2855402	23
Loktanella	3742860	9
Lolliginicoccus	3511487	3
Lonepinella	2298396	6
Longibaculum	3193802	6
Longicatena	3107400	11
Longilinea	4438311	1
Longimicrobium	6784483	2
Longimycelium	6828786	1
Longispora	8098818	3
Longitalea	7299432	1
Longivirga	3665155	1
Lonsdalea	3833230	85
Luedemannella	6632483	2
Luethyella	3272419	1
Lujinxingia	5008384	1
Luminiphilus	3261541	1
Lunatibacter	6791886	1
Lunatimonas	5459576	1
Luteibacter	4569289	17
Luteimicrobium	4252678	2
Luteimonas	3583618	36
Luteipulveratus	5420910	1
Luteirhabdus	3394992	1
Luteitalea	7009753	3
Luteithermobacter	3145891	1
Luteococcus	3186548	3
Luteolibacter	5595499	9
Lutibacter	3717856	10
Lutimaribacter	4780904	2
Lutimonas	3719021	3
Lutispora	3349540	2
Lyngbya	5799199	2
Lysinibacillus	4764797	222
Lysinibacter	3405710	2
Lysobacter	4974293	76
Lysobacteraceae	2263867	3
Macellibacteroides	3114062	1
Macrococcoides	2287397	33
Macrococcus	2278338	16
Macromonas	2882244	2
Mageeibacillus	1809746	1
Magnetococcus	4719581	1
Magnetospira	4052370	1
Magnetospirillum	4260118	10
Mahella	3135972	1
Mailhella	3155642	2
Maioricimonas	7744989	1
Maize	576118	1
Malaciobacter	2831569	10
Malacoplasma	1286722	9
Maledivibacter	5802910	1
Maliibacterium	2422126	1
Malikia	3719833	3
Mameliella	5592858	5
Mammaliicoccus	2775704	135
Mangrovibacillus	3153416	1
Mangrovibacter	5493237	3
Mangrovibacterium	5216229	4
Mangrovicoccus	7179110	1
Mangrovihabitans	7581334	1
Mangrovimonas	3393008	4
Mangrovivirga	4661901	1
Mannheimia	2615988	303
Maribacter	4285830	50
Maribellus	6145000	4
Maricaulis	3376020	7
Marichromatium	3775133	4
Maricurvus	5859353	1
Maridesulfovibrio	4080970	11
Marihabitans	2938486	1
Marilutibacter	3937570	2
Mariluticola	3446865	1
Marimonas	4319764	1
Marinactinospora	5952950	2
Marinagarivorans	4441303	3
Marinibactrum	5089780	1
Marinibaculum	6753039	1
Mariniblastus	6570840	1
Marinicauda	3278306	3
Marinicaulis	4013232	1
Marinicella	3676170	6
Marinicrinis	4218192	1
Marinifilum	4823502	6
Mariniflexile	4232955	10
Marinigracilibium	4956116	1
Marinihelvus	3432746	1
Marinilabilia	4963334	3
Marinilactibacillus	2595993	17
Marinilongibacter	4635932	1
Marinimicrobium	4063964	4
Marininema	3450214	2
Mariniphaga	5071592	2
Mariniplasma	1898628	1
Marinirhabdus	3293993	1
Marinitenerispora	6025270	2
Marinithermus	2269167	1
Marinitoga	2310056	5
Marinobacter	4167327	159
Marinobacterium	4400923	21
Marinococcus	2908575	1
Marinomonas	4218216	48
Marinoscillum	5588702	2
Marinospirillum	3023299	6
Marinovum	5375517	3
Mariprofundus	2642046	4
Marisediminicola	3352609	1
Marisediminitalea	4677505	2
Marispirochaeta	4218950	2
Maritalea	3455888	6
Maritimibacter	4160209	5
Marivibrio	4188800	1
Marivirga	4729647	10
Marivita	4288597	3
Marivivens	3154228	2
Marixanthomonas	2959668	1
Marmoricola	4100633	3
Marnyiella	2613493	1
Martelella	5152079	13
Marvinbryantia	4540408	3
Massilia	6038173	84
Massilibacillus	4000953	1
Massilibacterium	2849407	2
Massilibacteroides	3615997	1
Massilicoli	2507078	1
Massiliimalia	2914076	1
Massilimicrobiota	2542449	3
Massilioclostridium	2588313	1
Massilistercora	2769591	1
Mastigocladopsis	6465655	1
Mastigocladus	6911113	1
Mastigocoleus	15867137	1
Mediterranea	3949838	1
Mediterraneibacter	3410613	168
Megalodesulfovibrio	3792124	2
Megamonas	2354119	45
Megasphaera	2535420	40
Meinhardsimonia	3126542	2
Meiothermus	2974956	13
Melaminivora	3354564	4
Melghiribacillus	3015078	1
Melghirimyces	3597154	2
Melioribacter	3300414	1
Melissococcus	2066842	8
Melittangium	9910441	1
Membranihabitans	5679858	2
Merdibacter	2468696	1
Merdimmobilis	2511977	3
Merdimonas	3468497	1
Mergibacter	1887070	6
Meridianimaribacter	3223525	1
Meridianimarinicoccus	4260735	2
Mesoaciditoga	2172469	1
Mesobacillus	5014095	16
Mesobacterium	5982853	1
Mesocricetibacter	2214771	1
Mesoflavibacter	3076554	9
Mesohalobacter	2651256	1
Mesomycoplasma	969406	139
Mesonia	3116200	14
Mesoplasma	825984	28
Mesorhizobium	6793654	640
Mesoterricola	4759641	2
Mesotoga	2549494	35
Metabacillus	4956278	25
Metaclostridioides	2972557	1
Metallibacterium	3174616	3
Metallococcus	3494007	1
Metallumcola	3720236	1
Metamycoplasma	732679	76
Metaprevotella	185014	1
Metapseudomonas	6069793	31
Metasolibacillus	3909980	5
Methylacidimicrobium	2336120	2
Methylacidiphilum	2301458	6
Methylibium	4219846	4
Methylobacillus	2815328	4
Methylobacter	4875046	15
Methylobacterium	6105639	158
Methylobrevis	4403263	1
Methylocaldum	5335528	3
Methylocapsa	4682340	5
Methyloceanibacter	3317468	2
Methylocella	3989745	5
Methylococcaceae	4163008	11
Methylococcus	3560059	15
Methylocystis	4216330	25
Methylogaea	4018824	1
Methyloligella	3222019	3
Methylolobus	3392929	1
Methylomagnum	5199498	1
Methylomarinovum	2568616	2
Methylomarinum	4771325	1
Methylomicrobium	4692343	4
Methylomonas	4994480	23
Methylomusa	4521002	3
Methylophaga	3037838	41
Methylophilales	1541377	4
Methylophilus	2896217	16
Methylopila	3762783	4
Methyloprofundus	2440904	1
Methyloradius	2800413	1
Methyloraptor	5028296	1
Methylorubrum	5766019	32
Methylosarcina	4978464	1
Methylosinus	4938661	9
Methylotenera	2882341	6
Methyloterricola	4902375	1
Methylotuvimicrobium	5029443	5
Methyloversatilis	4181763	9
Methylovirgula	4071587	5
Methylovorus	2969220	4
Methylovulum	4600156	4
Micavibrio	2470296	2
Microbacter	3777128	2
Microbacteriaceae	4730877	2
Microbacterium	3554983	528
Microbaculum	5661918	2
Microbispora	8417831	52
Microbulbifer	4467107	45
Microcella	2632593	14
Microchaete	10126555	1
Micrococcales	2800603	1
Micrococcus	2542693	185
Microcoleus	7293958	248
Microcystis	4983614	48
Microlunatus	5315581	12
Micromonospora	7048707	585
Micromonosporaceae	7200013	1
Micropruina	3700058	3
Microterricola	3763774	2
Microtetraspora	8893117	9
Microvenator	5847748	1
Microvirga	6520517	29
Microvirgula	4066549	3
Miltoncostaea	3956195	2
Minicystis	16040666	1
Miniimonas	3627914	2
Miniphocaeibacter	2394777	1
Minwuia	4434780	6
Mitsuaria	5858295	3
Mitsuokella	2429002	18
Mixta	4299570	26
Mizugakiibacter	3123558	1
Mobilicoccus	3790148	4
Mobiluncus	2346250	15
Modestobacter	4798430	20
Modicisalibacter	4234764	12
Moellerella	3773697	16
Mogibacterium	1721826	9
Mongoliibacter	4999712	1
Mongoliitalea	4816617	1
Monoglobus	2784968	2
Moorella	2814475	20
Moorena	8716748	20
Moraxella	2361169	183
Moraxellaceae	3297194	2
Morganella	4080373	156
Moritella	4849130	15
Morococcus	2513078	6
Motilibacter	4521977	4
Motilimonas	4662837	3
Mucilaginibacter	6158785	75
Mucinivorans	3149227	1
Mucisphaera	3486541	1
Mucispirillum	2347083	1
Mulberry	622358	1
Mumia	4724748	7
Murdochiella	1673066	3
Muribacter	2263575	1
Muribaculaceae	3395816	5
Muribaculum	2753374	152
Muricomes	3007028	8
Muricoprocola	3270962	1
Muriicola	3134311	3
Murimonas	5749693	2
Murinocardiopsis	7376154	1
Muriventricola	3071079	1
Musicola	4655658	2
Myceligenerans	5280928	4
Mycetocola	3231953	6
Mycetohabitans	3597911	10
Mycoavidus	2375680	5
Mycobacterium	4554791	6036
Mycobacteroides	5111403	1028
Mycolicibacillus	4028554	4
Mycolicibacter	4678145	18
Mycolicibacterium	6295625	304
Mycoplana	4795826	5
Mycoplasma	995009	157
Mycoplasmoides	838960	169
Mycoplasmopsis	948103	375
Mycovorax	3342126	1
Myroides	3928977	109
Myxacorys	4958574	1
Myxococcus	9905122	32
Naasia	3321473	3
Nakamurella	4968824	10
Namhaeicola	3430181	1
Nanchangia	1907497	1
Nannocystis	12420766	2
Natranaerobius	3203074	2
Natranaerofaba	3264732	1
Natranaerovirga	3061098	1
Natribacillus	3302411	1
Natroniella	2452942	1
Natronincola	3768981	1
Natronoflexus	4472281	1
Natronoglycomyces	4012379	1
Natronogracilivirga	3750541	1
Natronospirillum	4335798	1
Natronosporangium	5699854	1
Naumannella	3347785	1
Nautilia	1733772	2
Ndongobacter	1864878	1
Necropsobacter	2487708	2
Negadavirga	6382514	1
Negativicoccus	1422920	5
Neglectibacter	3796963	5
Neisseria	2180573	1435
Nemorincola	3876695	1
Neoasaia	3407860	1
Neobacillus	5445409	80
Neochlamydia	2817974	1
Neoehrlichia	1161979	5
Neokomagataea	2577002	1
Neolewinella	5614950	9
Neomegalonema	3603586	2
Neomelitea	3435542	1
Neomicrococcus	2763164	2
Neopusillimonas	3303264	4
Neorhizobium	6355754	19
Neorhodopirellula	8502319	1
Neorickettsia	869302	5
Neoroseomonas	4919508	4
Neotabrizicola	4392453	1
Neptuniibacter	3762347	5
Neptunomonas	3945171	15
Nereida	2552988	1
Nesterenkonia	3053205	24
Nevskia	4838600	4
Nguyenibacter	4523150	2
Niabella	5409503	8
Niallia	5321943	30
Niameybacter	3155688	5
Niastella	8837124	6
Nibrella	7056258	1
Nibribacter	4352178	1
Nibricoccus	4144775	2
Nicoletella	1945534	1
Nicoliella	2053587	1
Ningiella	4740555	1
Nioella	4635959	1
Nisaea	4624681	3
Nissabacter	5004163	2
Nitratidesulfovibrio	3994896	8
Nitratifractor	2101285	1
Nitratireductor	4524358	20
Nitratiruptor	1877038	8
Nitriliruptor	4481014	2
Nitrincola	3939163	5
Nitrobacter	3823418	10
Nitrococcus	3623681	1
Nitrogeniibacter	4490835	2
Nitrosococcus	3687212	6
Nitrosomonas	2964163	39
Nitrosophilus	1890142	3
Nitrosospira	3341056	15
Nitrosovibrio	2837194	1
Nitrospina	3044814	2
Nitrospira	4114489	7
Nitrospirillum	7019808	8
Niveibacterium	4806114	4
Niveispirillum	6088614	6
Nocardia	7918138	375
Nocardioidaceae	5932109	1
Nocardioides	4672822	220
Nocardiopsis	6431415	99
Nodosilinea	6350136	4
Nodularia	5513335	13
Nonlabens	3221210	20
Nonomuraea	11034766	207
Nordella	7184314	1
Nosocomiicoccus	1624502	8
Nostoc	8331479	95
Nostocales	7899568	1
Nostocoides	3987520	8
Notoacmeibacter	3531378	1
Novacetimonas	3500143	12
Novibacillus	3629225	1
Noviherbaspirillum	5644728	14
Noviluteimonas	3347151	2
Novilysobacter	2845897	3
Novipirellula	8466290	4
Novispirillum	4377584	2
Novisyntrophococcus	3420321	1
Novosphingobium	4744294	103
Novosphingopyxis	3191507	1
Nubsella	4252742	1
Nucisporomicrobium	9022952	1
Obesumbacterium	4753076	7
Occallatibacter	6794547	1
Occultella	5756280	2
Oceanibaculum	3714711	1
Oceanicaulis	3053541	5
Oceanicella	3931061	4
Oceanicoccus	4472079	1
Oceanicola	4053376	2
Oceanidesulfovibrio	4726719	3
Oceanihabitans	3328469	3
Oceanimonas	3460340	7
Oceanipulchritudo	3520043	1
Oceaniradius	3622907	2
Oceanirhabdus	5555080	2
Oceanisphaera	3501300	8
Oceanispirochaeta	4012482	1
Oceanitalea	3531784	1
Oceanithermus	2439291	1
Oceanivirga	1815357	2
Oceanobacillus	4136953	39
Oceanobacter	4505834	1
Oceanospirillaceae	2503279	1
Oceanospirillum	4542969	4
Oceanotoga	2815703	3
Ochrobactrum	4914264	23
Octadecabacter	4095334	5
Odoribacter	4317089	80
Oecophyllibacter	1945529	1
Oenococcus	1830756	31
Oerskovia	4415446	21
Oharaeibacter	4986394	1
Ohtaekwangia	6446949	2
Okeania	9065143	17
Okeanomitos	5323117	1
Oleiagrimonas	3379958	1
Oleidesulfovibrio	3490703	4
Oleiphilus	5012889	2
Oleispira	4406383	1
Oleispirillum	3214913	1
Oligella	2561527	9
Oligoflexus	7569109	1
Oliverpabstia	3719159	6
Olivibacter	6418726	10
Olleya	3517713	8
Olsenella	2309722	29
Onion	853092	1
Onishia	3776355	3
Opitutaceae	6529219	5
Opitutus	5054244	2
Orbus	2814117	5
Orenia	3428207	3
Oribacterium	2933754	13
Oricola	4265358	3
Orientia	2211093	17
Ornithinibacillus	3695362	7
Ornithinibacter	3370148	2
Ornithinicoccus	3912525	2
Ornithinimicrobium	3601873	19
Ornithobacterium	2382339	27
Orrella	3959715	3
Oryzihumus	4231711	1
Oryzisolibacter	3842277	1
Oryzobacter	3939779	2
Oryzomicrobium	3738965	2
Oryzomonas	3617164	2
Oscillatoria	8223643	3
Oscillibacter	2997159	26
Oscillochloris	5530995	2
Oscillospiraceae	3459971	15
Otariodibacter	2008312	2
Ottowia	3884462	23
Owenweeksia	4000057	1
Oxalicibacterium	3095242	3
Oxalobacter	2413543	18
Oxalobacteraceae	7028009	1
Oxynema	6296386	2
Pacificibacter	3625036	4
Pacificimonas	3352426	1
Pacificispira	4206943	1
Pacificitalea	3946498	2
Pacificoceanicola	4979779	1
Paenacidovorax	4679990	1
Paenactinomyces	4220966	2
Paenalcaligenes	2714096	3
Paenalkalicoccus	4040495	1
Paenarthrobacter	4674015	84
Paenibacillaceae	6480259	4
Paenibacillus	6480407	825
Paeniclostridium	2952717	1
Paeniglutamicibacter	4554115	6
Paenimyroides	3148268	5
Paenirhodobacter	3466705	3
Paeniroseomonas	6499220	1
Paenisporosarcina	3423617	6
Paenochrobactrum	3541129	4
Pajaroellobacter	1821632	1
Palleronia	3884136	5
Pallidibacillus	3336568	4
Paludibacter	3497080	3
Paludibacterium	4015476	6
Paludibaculum	9532094	1
Paludicola	2937905	1
Paludisphaera	7651896	1
Panacagrimonas	5398980	1
Panacibacter	5528026	1
Pandoraea	5582093	57
Pannonibacter	4926548	12
Pantoea	4847367	537
Papillibacter	2890610	1
Parabacteroides	5161481	486
Paraburkholderia	8334648	173
Paracandidimonas	4014154	2
Parachlamydia	2828518	2
Paracholeplasma	1877792	1
Paracidobacterium	5001827	1
Paracidovorax	5356376	42
Paraclostridium	3599376	46
Paracoccaceae	5291798	2
Paracoccus	4108088	128
Paraconexibacter	5457055	2
Paracraurococcus	7041121	1
Paracrocinitomix	4365762	1
Paractinoplanes	10366461	8
Paradesertivirga	4556380	2
Paradevosia	4688192	2
Paraeggerthella	2862832	1
Parafannyhessea	2141408	8
Paraferrimonas	3837830	1
Paraflavisolibacter	7034896	2
Paraflavitalea	8645998	4
Parafrankia	8500264	4
Parafrigoribacterium	3085358	3
Parageobacillus	3685565	27
Paraglaciecola	5221926	16
Paraherbaspirillum	4722496	1
Paralcaligenes	4450628	1
Paraliobacillus	3373672	3
Paraliomyxa	11848290	1
Paralysiella	2811249	2
Paramagnetospirillum	4793484	2
Paramaledivibacter	4060624	1
Paramicrobacterium	3622339	2
Paramixta	4705628	1
Paramuribaculum	2188942	231
Paraneptunicella	4913533	1
Paranoxybacillus	3556270	1
Paraoerskovia	3150622	3
Parapedobacter	5338148	8
Paraperlucidibaca	2295583	1
Paraphotobacterium	2593992	1
Paraprevotella	4084915	11
Parapusillimonas	4642844	1
Pararcticibacter	6314794	1
Pararhizobium	5438500	5
Pararhodobacter	4265769	3
Pararhodospirillum	3876289	1
Pararobbsia	6642683	1
Pararoseomonas	5545934	3
Parasaccharibacter	2012854	2
Parascardovia	1893141	3
Parasedimentitalea	4844388	4
Parasediminibacterium	3945780	1
Parasegetibacter	4833595	1
Parashewanella	4848976	5
Parasphaerochaeta	2227296	1
Parasphingopyxis	3193446	3
Parasphingorhabdus	3399143	8
Parasutterella	2722558	52
Parasynechococcus	2434428	1
Parathalassolituus	4444085	1
Parathermosynechococcus	2659739	1
Paratractidigestivibacter	2596229	11
Paraurantiacibacter	2591679	1
Parazoarcus	4729507	2
Parcubacteria	693530	1
Paremcibacter	4168814	2
Paroceanicella	5468583	1
Parolsenella	1745919	9
Parvibacter	2277064	2
Parvibaculum	3429919	13
Parvicella	3980026	1
Parvimonas	1637774	23
Parvularcula	3165933	7
Pasteurella	2316441	378
Pasteurellaceae	2403675	3
Patulibacter	5239353	3
Paucibacter	5462566	6
Paucidesulfovibrio	3701832	1
Paucihalobacter	3276526	2
Paucilactobacillus	2286793	7
Paucimonas	5069796	2
Paucisalibacillus	4081150	2
Pauljensenia	2077458	2
Paulownia	891641	1
Pectinatus	2865123	2
Pectobacterium	4878295	362
Pediococcus	1969073	228
Pedobacter	5509735	119
Pedococcus	4254845	5
Peiella	2639644	1
Pelagerythrobacter	3154706	4
Pelagibacterium	3986173	10
Pelagibius	4666914	1
Pelagicoccus	6904628	2
Pelagihabitans	4560827	1
Pelagimonas	4926685	1
Pelagirhabdus	2527601	1
Pelagivirga	3981807	1
Pelagovum	3565580	2
Pelistega	2436116	2
Pelobacter	4241119	1
Pelodictyon	2550836	4
Pelolinea	3519728	2
Pelomicrobium	3166193	1
Pelomonas	5702156	7
Pelorhabdus	5250445	1
Pelosinus	5308450	4
Pelotomaculum	3025375	1
Pendulispora	13214008	4
Pengzhenrongella	4676864	2
Peptacetobacter	2460624	4
Peptoanaerobacter	2488505	3
Peptoclostridium	2904544	3
Peptococcaceae	2647850	2
Peptococcus	1968473	1
Peptoniphilaceae	1896391	2
Peptoniphilus	1842828	32
Peptostreptococcaceae	2367724	5
Peptostreptococcus	2055645	36
Peredibacter	4073039	2
Peribacillus	5454044	172
Peristeroidobacter	9374132	1
Periweissella	3020651	1
Permianibacter	4231462	2
Persephonella	1864440	4
Persicimonas	8047256	2
Persicirhabdus	4169785	1
Persicitalea	6413604	2
Persicobacter	7200179	2
Perspicuibacillus	3638728	1
Peterkaempfera	8055036	3
Peteryoungia	4376510	3
Petrachloros	4122371	1
Petrimonas	3080011	4
Petrocella	3518882	1
Petroclostridium	5512510	1
Petrotoga	2185525	10
Phaeobacter	4305376	70
Phaeocystidibacter	3354239	1
Phaeospirillum	4074218	1
Phaeovulum	3346012	4
Phascolarctobacterium	2290484	53
Phaseolibacter	2746431	1
Phenylobacterium	4052839	39
Phnomibacter	4271390	2
Phocaeicola	4993609	727
Phocicoccus	1660066	2
Phoenicibacter	1447956	2
Phorcysia	1621410	1
Phormidesmis	5618142	2
Phormidium	5712620	4
Photobacterium	4819305	199
Photorhabdus	5317428	96
Phototrophicus	5631885	1
Phreatobacter	5289200	4
Phycicoccus	3595402	15
Phycisphaera	3874736	2
Phycisphaerae	4324589	1
Phycobacter	4076839	1
Phyllobacterium	5238666	26
Phytoactinopolyspora	6704246	5
Phytobacter	5665095	23
Phytohabitans	10271756	6
Phytomonospora	8290965	2
Phytoplasma	559940	1
Picosynechococcus	3390502	7
Pigmentibacter	3654982	1
Pigmentiphaga	5773346	9
Pikeienuella	4373045	1
Pilibacter	2794241	1
Pimelobacter	5758113	8
Pinibacter	5918133	1
Pinirhizobacter	4458492	3
Pinisolibacter	4789677	3
Pirellula	6365168	2
Pirellulimonas	6618662	1
Pisciglobus	2437433	1
Piscinibacter	5709367	13
Piscinibacterium	3824387	1
Piscirickettsia	3485759	85
Pistricoccus	3781193	1
Planctellipticum	7276092	1
Planctobacterium	5149644	4
Planctomonas	3290868	1
Planctomyces	7613716	2
Planctomycetales	6649480	1
Planctomycetes	7280213	11
Planctopirus	5337073	2
Planifilum	3484776	2
Planktomarina	2484005	16
Planktotalea	3464209	6
Planktothricoides	7141270	2
Planktothrix	5449648	35
Planobacterium	2530306	1
Planobispora	8784946	2
Planococcaceae	3522309	1
Planococcus	3619031	38
Planomicrobium	3598390	4
Planomonospora	7800412	5
Planosporangium	5725157	1
Planotetraspora	8955903	3
Plantactinospora	8459610	10
Plantibacter	4107866	13
Plasticicumulans	4041705	5
Plastorhodobacter	4217268	1
Plautia	4092852	1
Plectonema	6588132	1
Pleionea	4230947	2
Pleomorphomonas	4990202	8
Plesiomonas	3735814	11
Pleurocapsa	5792296	4
Pluralibacter	5502133	13
Pokkaliibacter	6441806	1
Polaribacter	3655116	59
Polaromonas	4637170	28
Pollutibacter	6117590	1
Polluticaenibacter	4798914	1
Pollutimonas	4347212	3
Polyangium	12689048	4
Polycladomyces	3291929	3
Polymorphobacter	3921898	7
Polymorphospora	8213172	8
Polymorphum	4718963	1
Polynucleobacter	1960826	159
Polystyrenella	6125480	1
Pontibaca	2397933	1
Pontibacillus	4143530	7
Pontibacter	5248301	26
Pontibrevibacter	3560638	2
Ponticaulis	3595087	3
Ponticoccus	5091427	1
Pontimicrobium	3375930	2
Pontimonas	1653196	2
Pontivivens	3869412	2
Pontixanthobacter	2919892	3
Porcipelethomonas	2657141	1
Porifericola	5487627	1
Poriferisphaera	4291168	1
Porphyrobacter	3374078	6
Porphyromonadaceae	3467951	6
Porphyromonas	2337278	98
Portibacter	6308228	1
Porticoccus	2434460	3
Poseidonibacter	2987021	6
Posidoniimonas	6765537	1
Postechiella	4266044	1
Povalibacter	5594301	3
Pradoshia	3877883	2
Pragia	4028059	3
Prauserella	6299982	19
Prescottella	5276372	35
Prevotella	3123585	256
Prevotellaceae	3305478	8
Prevotellamassilia	3475353	1
Pricia	4851997	1
Priestia	5490241	391
Primorskyibacter	4513167	2
Prochlorococcus	1558828	59
Prochloron	6356138	3
Prochlorothrix	5585906	2
Prodigiosinella	4973535	3
Profundibacter	3558757	1
Prolixibacter	4939606	2
Promicromonospora	6133050	27
Promicromonosporaceae	4500574	1
Propionibacteriaceae	2731626	1
Propionibacterium	2624913	87
Propionicicella	3623963	1
Propioniciclava	3430539	6
Propionicimonas	3946155	1
Propioniferax	2794768	1
Propionigenium	4103731	1
Propionimicrobium	2530468	3
Propionispira	4134382	1
Propionispora	4293312	2
Propionivibrio	3908875	4
Prosthecobacter	6256018	8
Prosthecochloris	2451585	9
Prosthecodimorpha	6192307	1
Prosthecomicrobium	5568877	2
Protaetiibacter	2898774	4
Proteiniborus	3521432	2
Proteiniclasticum	2991393	11
Proteiniphilum	3379206	19
Proteinivorax	2962422	2
Proteobacteria	2427618	8
Proteocatella	2411055	1
Proteus	4070832	685
Protofrankia	5425256	3
Providencia	4528783	411
Pseudacidovorax	6108035	2
Pseudactinotalea	3627214	2
Pseudaeromonas	3606825	3
Pseudalgibacter	3994770	1
Pseudalkalibacillus	4529689	12
Pseudaminobacter	5624780	4
Pseudanabaena	5319664	9
Pseudaquabacterium	8039486	1
Pseudarcicella	6187917	2
Pseudarthrobacter	4423626	91
Pseudazoarcus	3225512	1
Pseudemcibacter	3369470	1
Pseudenterobacter	4511606	1
Pseudescherichia	4235345	25
Pseudidiomarina	2581396	21
Pseudoalteromonas	4700712	319
Pseudobacillus	5049664	1
Pseudobacter	7784734	2
Pseudobacteriovorax	7271010	1
Pseudobacteroides	6630821	1
Pseudobdellovibrio	3025071	2
Pseudobutyrivibrio	3176731	16
Pseudobythopirellula	5067846	1
Pseudochelatococcus	4509725	4
Pseudochrobactrum	4073444	11
Pseudocitrobacter	5033831	5
Pseudoclavibacter	3282059	24
Pseudocnuella	4804510	1
Pseudocolwellia	4722645	1
Pseudodesulfovibrio	3842911	18
Pseudodonghicola	4728486	1
Pseudoduganella	6595287	26
Pseudoflavitalea	6412206	2
Pseudoflavonifractor	3677941	26
Pseudofrancisella	1800797	1
Pseudofrankia	8559570	3
Pseudofulvibacter	3175231	1
Pseudofulvimonas	3407545	2
Pseudogemmatithrix	3259071	2
Pseudogemmobacter	4618542	4
Pseudoglutamicibacter	2148950	1
Pseudogracilibacillus	4779970	1
Pseudogulbenkiania	4432648	4
Pseudohaliea	3212303	1
Pseudohalocynthiibacter	4557782	1
Pseudohongiella	3433394	8
Pseudokineococcus	3774309	6
Pseudokordiimonas	3545352	1
Pseudolabrys	4950768	3
Pseudoleptotrichia	2285946	2
Pseudoluteimonas	2596173	1
Pseudolysinimonas	3445160	1
Pseudolysobacter	4728975	1
Pseudomaricurvus	5427463	1
Pseudomarimonas	5018834	2
Pseudomonadaceae	5030478	3
Pseudomonas	6449106	8318
Pseudoneobacillus	4674004	1
Pseudonocardia	7184700	73
Pseudooceanicola	4361636	16
Pseudooctadecabacter	3074144	2
Pseudopedobacter	4635236	1
Pseudophaeobacter	4757033	5
Pseudoprevotella	2920169	1
Pseudoramibacter	2362882	1
Pseudorhizobium	4628938	7
Pseudorhodobacter	4021892	2
Pseudorhodoferax	7337493	3
Pseudorhodoplanes	5327432	2
Pseudoroseicyclus	3458576	2
Pseudoroseomonas	5228674	10
Pseudoruegeria	5261176	2
Pseudoruminococcus	2379489	1
Pseudosporangium	8653585	1
Pseudostreptobacillus	1460484	1
Pseudosulfitobacter	4902592	48
Pseudotabrizicola	4491281	1
Pseudotenacibaculum	3587166	1
Pseudoteredinibacter	4866856	1
Pseudothauera	3361304	2
Pseudothermotoga	2102787	10
Pseudovibrio	5390315	15
Pseudoxanthobacter	4593541	2
Pseudoxanthomonas	3923998	56
Pseudozobellia	5036817	1
Psychrilyobacter	3428538	2
Psychrobacillus	4090800	27
Psychrobacter	3198970	117
Psychroflexus	2969326	15
Psychromarinibacter	5207172	1
Psychromicrobium	3599434	1
Psychromonas	4114152	16
Psychroserpens	3755899	10
Psychrosphaera	3818020	8
Puerhibacterium	3907146	1
Pueribacillus	3018360	1
Puia	7182087	1
Pukyongia	3182272	1
Pukyongiella	4262966	1
Pullulanibacillus	4801000	1
Pulveribacter	3383284	5
Puniceibacterium	4713881	2
Pusillibacter	3407680	1
Pusillimonas	3374216	16
Pustulibacterium	4209902	1
Putridiphycobacter	4038280	2
Pygmaiobacter	2815633	1
Pyramidobacter	2740976	2
Pyrinomonas	3512547	1
Pyruvatibacter	3333914	1
Pyxidicoccus	12701356	4
Qaidamihabitans	6526106	1
Qiania	3084832	1
Qingshengfaniella	3928515	1
Qipengyuania	2910631	33
Quadrisphaera	4176650	3
Quatrionicoccus	4171110	1
Quisquiliibacterium	4259983	2
Radiobacillus	3823582	2
Rahnella	5497455	33
Raineyella	3751346	4
Ralstonia	5654803	392
Ramlibacter	4821174	13
Raoultella	5843313	193
Raoultibacter	3906713	4
Raphidiopsis	3431981	1
Rapidithrix	7492102	1
Rarobacter	2466111	1
Rasiella	3388965	1
Rathayibacter	3315679	143
Ravibacter	5775379	1
Rectinema	2823438	1
Rehaibacterium	2834525	3
Reichenbachiella	4828320	5
Reinekea	3644842	8
Renibacterium	3155270	3
Reyranella	6435767	5
Rhabdobacter	6917964	1
Rhabdochlamydiaceae	1743983	1
Rhabdothermincola	3196184	1
Rheinheimera	4164189	33
Rhizobacter	5591679	10
Rhizobium	6984178	854
Rhizohabitans	8328102	1
Rhizomicrobium	4498054	2
Rhizomonospora	6704200	1
Rhizorhabdus	5337190	10
Rhizorhapis	3360228	1
Rhizosphaericola	4701441	1
Rhodanobacter	4090553	40
Rhodobacter	3859736	23
Rhodobacteraceae	4221967	10
Rhodobacterales	3320524	2
Rhodobaculum	3494249	1
Rhodobiaceae	3862255	1
Rhodobium	5147231	2
Rhodoblastus	4690361	4
Rhodocaloribacter	4502320	1
Rhodococcoides	5447531	74
Rhodococcus	6497169	506
Rhodocyclaceae	3373212	2
Rhodocyclus	3735122	2
Rhodocytophaga	9053031	2
Rhodoferax	4314443	30
Rhodohalobacter	3850234	2
Rhodoligotrophos	4813108	1
Rhodoluna	1384863	8
Rhodomicrobium	4829816	4
Rhodonellum	5204130	2
Rhodophyticola	3882560	2
Rhodopila	7248147	1
Rhodopirellula	7069050	6
Rhodoplanes	6257367	8
Rhodopseudomonas	5327333	35
Rhodosalinus	3276135	5
Rhodospira	4211331	1
Rhodospirillales	8179139	1
Rhodospirillum	4354392	7
Rhodothalassium	3341305	4
Rhodothermaceae	4653222	1
Rhodothermus	3315794	7
Rhodovarius	3739530	1
Rhodovastum	7423543	1
Rhodovibrio	4691982	3
Rhodovulum	3986032	24
Richelia	5729487	1
Rickettsia	1351080	150
Rickettsiales	1709912	3
Rickettsiella	1690860	6
Riemerella	2241932	132
Rikenella	2880076	1
Rikenellaceae	3112404	5
Rippkaea	4787694	1
Risungbinella	3421198	2
Rivibacter	3942086	1
Rivihabitans	3211161	6
Rivularia	9351728	3
Robbsia	6492589	3
Robertkochia	3528998	1
Robertmurraya	4886899	3
Robiginitalea	3368174	5
Robiginitomaculum	2769471	1
Robinsoniella	7093762	3
Rodentibacter	2430764	11
Romboutsia	2722567	73
Roseateles	5535783	28
Roseburia	3444798	100
Roseiarcus	6792213	1
Roseibaca	3488294	2
Roseibacillus	4704294	2
Roseibium	6179359	25
Roseicella	5993395	1
Roseicitreum	4251556	2
Roseiconus	8527135	1
Roseicyclus	3695917	6
Roseiflexus	5762448	2
Roseimaritima	7714552	2
Roseimicrobium	7943977	2
Roseinatronobacter	4007135	8
Roseisolibacter	5647510	2
Roseitalea	3514471	2
Roseithermus	4807988	1
Roseitranquillus	3732706	1
Roseivirga	4385253	9
Roseivivax	4291891	6
Rosenbergiella	3302530	20
Roseobacter	4485770	10
Roseococcus	4251797	4
Roseofilum	5376040	1
Roseomonas	5099823	38
Roseospira	4474872	4
Roseospirillum	3497210	1
Roseovarius	4216670	38
Rosistilla	7418852	4
Rossellomorea	4463226	29
Rothia	2401334	119
Rouxiella	5054477	11
Ruania	4345556	4
Rubellicoccus	5798774	1
Rubellimicrobium	4298535	4
Rubinisphaera	6355540	2
Rubricella	3243171	1
Rubricoccus	4430441	1
Rubrimonas	3839823	1
Rubripirellula	7832405	4
Rubritalea	3668936	6
Rubritepida	3834117	1
Rubrivirga	4730752	2
Rubrivivax	5847418	5
Rubrobacter	3438734	9
Rudaea	4343639	1
Rudanella	6546036	1
Ruegeria	4486260	24
Rufibacter	5148525	23
Ruficoccus	3759138	1
Rugamonas	6786999	6
Rugosibacter	2934611	1
Rugosimonospora	9819264	1
Ruicaihuangia	2638237	2
Ruixingdingia	4695409	1
Ruminiclostridium	5132250	6
Ruminobacter	2838365	2
Ruminococcaceae	3054646	16
Ruminococcus	3114084	362
Rummeliibacillus	3857429	12
Runella	7430806	10
Ruoffia	2404805	7
Rurimicrobium	3418299	1
Ruthenibacterium	3837518	29
SAR324	2211215	2
SAR86	1163376	4
Sabulibacter	6162158	1
Sabulicella	4829208	1
Saccharibacillus	5374700	8
Saccharibacter	2384067	1
Saccharicrinis	5214916	5
Saccharobesus	5871129	1
Saccharococcus	3870057	6
Saccharomonospora	4813899	16
Saccharophagus	5111521	3
Saccharopolyspora	7783330	48
Saccharospirillum	4111030	12
Saccharothrix	9076096	27
Saezia	3275784	1
Sagittula	5279200	5
Salaquimonas	3357577	1
Salegentibacter	3780163	21
Salibacter	2501653	1
Salibacterium	3684858	5
Salibaculum	2774303	3
Salicibibacter	3930866	4
Salicola	3178327	1
Salidesulfovibrio	3886744	1
Salimicrobium	2762599	7
Salinactinospora	5882011	1
Salinarimonas	5111802	4
Salinibacillus	4800853	3
Salinibacter	3858179	44
Salinibacterium	3011794	12
Salinibius	3700607	1
Salinicoccus	2582485	12
Salinicola	4227886	23
Salinihabitans	4088599	1
Salinimicrobium	3595325	10
Salinimonas	4090993	6
Salininema	5018321	1
Saliniradius	3214946	1
Salinisphaera	4141708	1
Salinispira	3782798	1
Salinispirillum	3402750	3
Salinispora	5509675	25
Salinithrix	3299850	1
Salinivibrio	3455195	20
Salinivirga	4812386	1
Salipaludibacillus	4697844	4
Salipiger	5455992	15
Salirhabdus	3380756	2
Salisediminibacterium	3050841	4
Saliterribacillus	3763507	1
Salmonella	4859101	8409
Salsipaludibacter	4246067	1
Salsuginibacillus	3831781	1
Samsonia	3876203	2
Sandaracinobacter	2677066	1
Sandaracinobacteroides	3572021	3
Sandaracinus	10645566	2
Sandarakinorhabdus	2888881	7
Sangeribacter	3697286	2
Sanguibacter	3601844	8
Sanguibacteroides	3379018	2
Sansalvadorimonas	4841513	1
Sanyastnella	4097636	1
Saonia	3801316	1
Sapientia	4430078	1
Saprospira	4359480	4
Saprospirales	4951352	1
Sarcina	2873182	5
Savagea	2559573	1
Saxibacter	4048523	1
Scandinavium	4869136	6
Scardovia	1667440	4
Schaalia	2310949	28
Schaedlerella	5033733	3
Schauerella	5404080	3
Schinkia	4599988	21
Schleiferia	2573604	2
Schleiferilactobacillus	3180823	9
Schlesneria	7643572	3
Schumannella	3479124	2
Schwartzia	2575822	2
Sciscionella	7978397	2
Scopulibacillus	3686635	3
Scrofimicrobium	2221980	1
Scytonema	9376093	8
Sebaldella	4486650	1
Secundilactobacillus	2969510	17
Sedimentibacter	3588352	14
Sedimenticola	4276390	3
Sedimentimonas	3082363	1
Sedimentisphaera	3069065	3
Sedimentitalea	4469363	3
Sediminibacillus	4040466	6
Sediminibacterium	3616686	11
Sediminicoccus	5024808	2
Sediminicola	4067912	2
Sediminimonas	3257970	3
Sediminispirochaeta	4615288	2
Sediminitomix	6603976	1
Segatella	3592890	70
Segetibacter	6107890	1
Segniliparus	3372578	2
Seinonella	3844441	1
Selenihalanaerobacter	2840584	1
Seleniivibrio	2906047	1
Selenobaculum	2679003	1
Selenomonas	2632224	53
Sellimonas	3293923	15
Senegalia	2874011	1
Senegalimassilia	2398022	2
Seohaeicola	4736102	4
Seonamhaeicola	3935268	7
Seongchinamella	4193411	1
Seramator	2818246	1
Serinicoccus	3491768	9
Serpens	3912471	1
Serpentinicella	2852722	3
Serpentinimonas	2563167	3
Serratia	5277014	1146
Sharpea	2035102	21
Shewanella	4807454	386
Shiella	3785210	1
Shigella	4674565	1809
Shimazuella	4185101	1
Shimia	4021856	5
Shimwellia	4155244	3
Shinella	6025629	36
Shivajiella	4910349	1
Shouchella	4243812	39
Shumkonia	5388687	1
Shuttleworthella	2169477	1
Siansivirga	3303986	1
Siccibacter	4173824	5
Siccirubricoccus	6389298	3
Sideroxyarcus	2738141	1
Sideroxydans	3388256	2
Silanimonas	2510828	2
Silicimonas	4344696	2
Silvanigrella	3681364	2
Silvibacterium	6456013	2
Silvimonas	4632527	3
Simiaoa	3572951	1
Simiduia	4191635	6
Siminovitchia	4290107	23
Simkania	2628375	1
Simonsiella	2441623	3
Simplicispira	3751675	6
Simulacricoccus	6926196	1
Sinanaerobacter	4074577	2
Singulisphaera	10110964	3
Sinimarinibacterium	3972719	5
Sinirhodobacter	4130092	5
Sinisalibacter	3648224	1
Sinobaca	3403958	1
Sinobacterium	4398449	1
Sinomicrobium	5249205	3
Sinomonas	4132749	15
Sinorhizobium	6964701	177
Sinosporangium	7975149	2
Siphonobacter	5829742	2
Skermanella	7259825	4
Skermania	4230116	1
Slackia	2452505	9
Smithella	1634582	2
Sneathia	1319519	8
Sneathiella	3782386	7
Snodgrassella	2394167	54
Snuella	4496054	2
Sodalinema	4866307	1
Sodaliphilus	3340670	1
Sodalis	4099021	8
Sodalis-like	1325495	2
Solemya	2597391	38
Solibacillus	3961292	18
Solibaculum	2541474	1
Solicola	4915857	1
Solidesulfovibrio	4823852	4
Solihabitans	9295578	1
Solilutibacter	2592821	1
Solimonas	4584001	6
Solirubrobacter	8015433	3
Solitalea	4289387	5
Solobacterium	2181380	6
Solwaraspora	6736669	6
Soonwooa	2835965	4
Sorangium	13279153	8
Spartinivicinus	6756000	2
Spartobacteria	4745694	1
Specibacter	3984867	4
Sphaerimonospora	6226927	1
Sphaerisporangium	8864003	20
Sphaerobacter	3931202	2
Sphaerochaeta	2938416	13
Sphaerospermopsis	5653602	3
Sphaerothrix	6231299	1
Sphaerotilus	4650848	9
Sphingobacteriaceae	6182066	1
Sphingobacterium	5471474	185
Sphingobium	4828813	120
Sphingomicrobium	2254582	7
Sphingomonadales	4190298	1
Sphingomonas	4014033	274
Sphingopyxis	4273669	50
Sphingorhabdus	2835032	19
Sphingosinicella	4116954	8
Sphingosinithalassobacter	3526818	2
Spinactinospora	6666556	1
Spiractinospora	5864354	1
Spiribacter	2189318	18
Spirilliplanes	6512617	1
Spirillospora	9133256	10
Spirobacillus	2806830	1
Spirochaeta	3446112	6
Spiroplasma	1428347	103
Spirosoma	7553659	27
Spirosomataceae	5461565	1
Spirulina	5031303	4
Spongiibacter	3644601	15
Spongiimicrobium	4869906	2
Spongisporangium	4867711	1
Sporanaerobacter	2912784	1
Sporichthya	5075393	3
Sporobacter	4198214	1
Sporocytophaga	6488219	2
Sporolactobacillus	3287327	15
Sporolituus	2861023	1
Sporomusa	5454066	17
Sporomusaceae	4072309	1
Sporosarcina	3787104	51
Sporotomaculum	3352116	1
Stackebrandtia	5901235	4
Stakelama	3286366	2
Stanieria	5504149	2
Staphylococcaceae	2529799	1
Staphylococcus	2772133	13381
Staphylospora	2751094	1
Stappia	4693164	7
Starkeya	5560751	2
Stella	5490058	4
Stenomitos	6984011	2
Stenotrophomonas	4607989	839
Stenoxybacter	2609584	1
Steroidobacter	7240302	4
Sterolibacterium	2027720	2
Stieleria	9363629	7
Stigmatella	10260756	1
Stomatobaculum	2232532	2
Stomatohabitans	2166697	2
Stratiformator	5228745	1
Strawberry	959779	1
Streptacidiphilus	8573724	19
Streptantibioticus	7843109	5
Streptoalloteichus	7091386	2
Streptobacillus	1648697	24
Streptococcaceae	1940278	4
Streptococcus	2063325	11079
Streptodolium	9593353	1
Streptohalobacillus	2529324	1
Streptomonospora	6043803	11
Streptomyces	8703235	9002
Streptomycetaceae	6924810	2
Streptosporangium	9450971	86
Streptoverticillium	8809793	1
Stutzerimonas	4475816	276
Subdoligranulum	3610460	10
Subsaxibacter	3473000	1
Subtercola	3675250	5
Succinatimonas	2257497	5
Succiniclasticum	2720180	2
Succinimonas	3964271	1
Succinispira	2085243	1
Succinivibrio	2938197	6
Succinivibrionaceae	2952624	1
Suicoccus	2572159	1
Suilimivivens	3334484	1
Sulfidibacter	11786365	1
Sulfitobacter	4003708	73
Sulfobacillus	3634138	8
Sulfuricaulis	2858290	2
Sulfuricella	3320374	2
Sulfuricurvum	2448978	22
Sulfuricystis	2774388	2
Sulfuriferula	3251675	5
Sulfuriflexus	2929203	2
Sulfurifustis	3958814	1
Sulfurihydrogenibium	1643502	6
Sulfurimicrobium	3826324	1
Sulfurimonas	2352349	41
Sulfurirhabdus	3878683	1
Sulfuriroseicoccus	3496488	1
Sulfurisoma	2996515	1
Sulfuritalea	4320182	2
Sulfuritortus	2720636	1
Sulfurivermis	3246214	1
Sulfurospirillum	2723683	23
Sulfurovum	2336145	9
Sungkyunkwania	4044746	1
Sunxiuqinia	5261911	4
Suonthocola	5880143	1
Superficieibacter	4855478	3
Sutcliffiella	4515513	15
Sutterella	2714323	36
Sutterellaceae	2536276	3
Suttonella	1989117	1
Svornostia	5061584	1
Swingsia	2193407	1
Symbiobacterium	3329044	2
Symbiopectobacterium	4942431	1
Symmachiella	7646673	3
Synechococcus	2795602	113
Synechocystis	3814248	18
Synergistes	3287261	1
Synoicihabitans	5926369	1
Syntrophobacter	3822562	3
Syntrophobotulus	3406739	1
Syntrophomonas	2769358	6
Syntrophorhabdus	3759482	1
Syntrophotalea	3316694	4
Syntrophothermus	2405559	1
Syntrophus	3382808	3
TM7	655221	14
Tabrizicola	4073020	12
Tahibacter	6527398	4
Taibaiella	4778332	4
Tamilnaduibacter	3400134	1
Tamlana	3884040	7
Tannerella	3354280	17
Tannockella	2260890	1
Tardibacter	3787976	1
Tardiphaga	6131100	12
Tateyamaria	4742019	5
Tatumella	3717301	15
Taurinivorans	2172708	1
Tautonia	8077614	2
Taylorella	1675636	52
Telluria	6352657	5
Telluribacter	6433767	2
Tellurirhabdus	5262164	2
Telmatobacter	5987865	1
Telmatocola	6592641	1
Telmatospirillum	5578936	2
Temperatibacter	3184799	1
Tenacibaculum	3121860	237
Tenebrionibacter	3986280	1
Tenebrionicola	3942400	2
Tenericutes	2159090	2
Tenggerimyces	8461567	1
Tenuibacillus	2950395	1
Tenuifilum	3195778	1
Tepidamorphus	3579428	2
Tepidanaerobacter	2582892	5
Tepidibacillus	2784376	3
Tepidibacter	3163486	5
Tepidicella	2832591	2
Tepidiforma	2788476	3
Tepidimicrobium	3002518	1
Tepidimonas	2503250	8
Tepidiphilus	2253189	5
Tepiditoga	2502404	1
Terasakiella	3887091	3
Terasakiispira	4048029	1
Teredinibacter	5151803	13
Termitidicoccus	7869195	2
Terrabacter	4796936	17
Terracidiphilus	5345702	1
Terracoccus	4938734	1
Terribacillus	3636402	14
Terricaulis	3864763	1
Terriglobus	5159684	5
Terrihabitans	3114641	1
Terrihalobacillus	3626428	2
Terrilactibacillus	3366433	3
Terrimonas	5521540	6
Terrirubrum	6384545	1
Terrisporobacter	3975248	14
Tersicoccus	3672958	1
Tessaracoccus	3368384	15
Testudinibacter	2716742	1
Tetragenococcus	2399655	37
Tetzosporium	2780751	1
Texcoconibacillus	3417124	1
Thalassobacillus	4083626	4
Thalassobacter	3522704	2
Thalassobaculum	5513780	4
Thalassobium	3487925	1
Thalassococcus	4354173	2
Thalassoglobus	6545884	2
Thalassolituus	3867217	25
Thalassomonas	7296734	3
Thalassorhabdus	3377579	2
Thalassospira	4556094	38
Thalassotalea	3928603	27
Thalassovita	3989674	6
Thauera	4210385	27
Thaumasiovibrio	5015690	2
Thermacetogenium	2931094	2
Thermaerobacillus	3841584	2
Thermaerobacter	2918939	5
Thermalbibacter	3630516	1
Thermanaeromonas	3005562	2
Thermanaerosceptrum	3805411	1
Thermanaerovibrio	1844961	3
Thermatribacter	2269744	1
Thermaurantimonas	2652602	2
Thermicanus	3657623	1
Thermincola	3168072	2
Thermithiobacillus	2958498	1
Thermoactinomyces	2541592	8
Thermoactinospora	8220793	1
Thermoanaerobacter	2512572	20
Thermoanaerobacteraceae	3526989	1
Thermoanaerobacterium	2849424	10
Thermoanaerobaculum	2660928	1
Thermobacillus	4232725	2
Thermobaculum	3101581	1
Thermobifida	4616050	6
Thermobispora	4288406	2
Thermobrachium	2644756	1
Thermocaproicibacter	1960795	1
Thermocatellispora	11715894	2
Thermochromatium	2958290	1
Thermoclostridium	2971321	7
Thermocoleostomius	5809202	1
Thermocrinis	1411273	5
Thermocrispum	4361254	2
Thermodesulfatator	2322224	1
Thermodesulfitimonas	1878015	1
Thermodesulfobacterium	1644701	11
Thermodesulfobium	1836830	2
Thermodesulfomicrobium	2357780	1
Thermodesulforhabdus	2808342	1
Thermodesulfovibrio	1963747	8
Thermoflavifilum	2843600	2
Thermoflavimicrobium	3867702	1
Thermoflexibacter	5504183	1
Thermoflexus	3124486	5
Thermogemmatispora	5788860	2
Thermogutta	4908939	3
Thermoleophilum	2159998	2
Thermoleptolyngbya	5139870	3
Thermolongibacillus	2912256	2
Thermomicrobium	2992649	2
Thermomonas	2751490	29
Thermomonospora	6379157	5
Thermonema	2831572	3
Thermopetrobacter	2608923	1
Thermophagus	3899561	1
Thermophilibacter	2410303	3
Thermopolyspora	7205494	2
Thermosediminibacter	2312412	2
Thermosipho	1889497	11
Thermospira	2515453	1
Thermosporothrix	7282662	1
Thermostichus	3144418	2
Thermosulfidibacter	1816670	1
Thermosulfurimonas	2054412	2
Thermosulfuriphilus	2287345	1
Thermosynechococcus	2624436	35
Thermotoga	1876294	18
Thermotomaculum	2317141	1
Thermovibrio	1690622	2
Thermovirga	1987206	2
Thermus	2232162	73
Thioalbus	4145766	1
Thioalkalivibrio	2924343	68
Thiobaca	4073386	1
Thiobacillus	3239177	12
Thiocapsa	6501183	4
Thioclava	4091917	13
Thiococcus	4124759	1
Thiocystis	5331133	3
Thiofilum	3787626	1
Thioflavicoccus	4137521	1
Thiogranum	2916906	1
Thiohalobacter	3102796	4
Thiohalocapsa	3696416	1
Thiohalomonas	3678936	2
Thiohalophilus	2794454	2
Thiohalorhabdus	3743026	1
Thiohalospira	2687697	1
Thiolapillus	3102295	49
Thiomicrorhabdus	2590044	13
Thiomicrospira	2381353	7
Thiomonas	3656146	18
Thioploca	4810005	1
Thiopseudomonas	2486267	13
Thiorhodococcus	4586163	1
Thiorhodospira	3196878	1
Thiorhodovibrio	5314494	5
Thiosocius	4790451	1
Thiospirochaeta	3700583	1
Thiosulfatihalobacter	4199922	2
Thiosulfatimonas	2722826	1
Thiosulfativibrio	2645427	1
Thiothrix	3990287	17
Thiovibrio	2841614	1
Thomasclavelia	3145706	88
Thorsellia	3306651	2
Tianweitania	4527553	3
Tibeticola	2733067	1
Tichowtungia	3882676	1
Tidjanibacter	2390301	1
Timonella	3070965	4
Tindallia	3102939	2
Tissierella	3343294	12
Tissierellia	1600888	1
Tistlia	6117432	3
Tistrella	6362652	18
Tolumonas	3351848	3
Tolypothrix	9542494	11
Tomitella	4183547	2
Trabulsiella	4615791	6
Tranquillimonas	4388240	2
Traorella	2606093	1
Trebonia	9254646	1
Treponema	1850303	276
Trichlorobacter	3629179	6
Trichococcus	3100372	21
Trichocoleus	5458034	1
Trichodesmium	7485716	2
Trichormus	6694221	12
Trichothermofontia	4436989	1
Trinickia	6905314	11
Tritonibacter	4455091	10
Tropheryma	927419	13
Tropicibacter	4352235	3
Tropicimonas	5091829	2
Truepera	3260416	2
Trueperella	2283604	67
Trujillonella	5073444	2
Tsukamurella	4681554	24
Tsuneonella	3073382	6
Tuberibacillus	3242009	1
Tumebacillus	4771620	6
Tumidithrix	5508488	1
Tunicatimonas	7291608	1
Tunturibacter	5322579	7
Turicibacter	2977434	80
Turicimonas	2595454	159
Turneriella	4409302	1
Tuwongella	6690754	1
Tychonema	5540466	2
Uliginosibacterium	4553807	7
Ulvibacter	3845875	1
Umboniibacter	2689440	1
Umezawaea	10249960	6
Undibacterium	4735155	28
Urbifossiella	7795793	1
Ureaplasma	786051	19
Urechidicola	3426122	1
Ureibacillus	3389385	17
Urinicoccus	2087160	1
Ursidibacter	2000617	14
Uruburuella	2773603	3
Usitatibacter	4260976	2
Utexia	2386378	1
Vaginella	2443920	2
Vaginimicrobium	2010679	1
Vagococcus	2502974	81
Vallicoccus	4045354	1
Vallitalea	5936892	3
Vandammella	3431938	2
Vannielia	3200094	1
Varibaculum	2255183	9
Variibacter	4585781	3
Variovorax	6517057	94
Varunaivibrio	3066297	1
Veillonella	2099077	97
Veillonellaceae	2158823	9
Venatoribacter	2829133	2
Venenivibrio	1731156	1
Verminephrobacter	5312877	12
Veronia	5293362	2
Verrucomicrobia	3337166	11
Verrucomicrobiia	5775745	1
Verrucomicrobiota	8501401	1
Verrucomicrobium	4918822	3
Verrucosispora	6709309	5
Verticiella	5985041	1
Vescimonas	2531083	2
Vespertiliibacter	1802492	2
Vibrio	4943859	4048
Vibrionales	4360644	1
Victivallales	5242681	1
Victivallis	4888586	2
Virgibacillus	4267766	66
Viridibacillus	4533873	5
Vitreoscilla	3257796	7
Vogesella	3730213	10
Volucribacter	2267688	1
Vreelandella	4161669	62
Vulcaniibacterium	3097331	4
Vulcanimicrobiota	978712	8
Vulcanimicrobium	3508363	1
Vulcanococcus	2853973	3
Vulgatibacter	4887012	2
Waddlia	2131905	1
Waltera	4097696	1
Wandonia	3938618	1
Wansuia	3949724	1
Waterburya	5107674	1
Weeksella	2278453	3
Weissella	2106110	149
Weizmannia	3479795	12
Wenjunlia	6429887	1
Wenxinia	4178410	2
Wenyingzhuangia	3411059	6
Wenzhouxiangella	3568825	6
Westiellopsis	7313429	1
Wielerella	2356854	5
Wigglesworthia	711270	2
Williamsia	5201023	14
Williamsoniiplasma	1008228	4
Williamwhitmania	4154490	1
Winkia	2256062	6
Winogradskya	10879345	2
Winogradskyella	3748196	41
Winslowiella	4961020	4
Wocania	3722419	2
Woeseia	4059891	1
Wohlfahrtiimonas	2253096	3
Wolbachia	1381978	375
Wolinella	2130402	2
Woodsholea	3105947	1
Wujia	2942917	1
Xanthobacter	5410425	11
Xanthobacteraceae	5108628	1
Xanthomarina	3245607	3
Xanthomonas	4964135	1727
Xanthovirga	5680486	1
Xaviernesmea	5439160	3
Xenophilus	5614706	6
Xenorhabdus	4544829	140
Xiamenia	2263463	1
Xiashengella	3101014	1
Xinfangfangia	4408679	1
Xylanibacter	3522038	11
Xylanimonas	3499303	4
Xylella	2623461	140
Xylocopilactobacillus	2291795	2
Xylophilus	4590520	5
Yanghanlia	3208505	1
Yaniella	3137285	1
Yeosuana	3960202	2
Yersinia	4580287	647
Yimella	3364070	2
Yinghuangia	9178957	3
Yokenella	4887521	6
Yonghaparkia	2611948	2
Yoonia	3612374	22
Youhaiella	4430734	1
Youngiibacter	3988233	1
Zafaria	3291617	1
Zavarzinella	10086423	1
Zavarzinia	4751555	1
Zeaxanthinibacter	3337963	1
Zhaonella	3314304	1
Zhengella	4340179	1
Zhihengliuella	3382205	5
Zhongshania	4185096	6
Zhouia	3977979	3
Zobellella	4032030	4
Zobellia	5058539	10
Zoogloea	4571084	22
Zoogloeaceae	3127098	1
Zooshikella	5798664	1
Zophobihabitans	2666483	1
Zunongwangia	4358564	10
Zwartia	3221261	1
Zymobacter	3000746	2
Zymomonas	2140374	20
actinobacterium	1288914	12
alpha	1161998	10
bacteria	3703939	3
bacterium	6159945	31
beta	2068284	4
blood	5089760	1
butyrate-producing	3601020	1
candidate	1640078	3
cyanobacterium	3056440	5
delta	1520954	1
endosymbiont	1527509	15
filamentous	5955630	3
gamma	2752340	11
marine	2417719	7
methane-oxidizing	2931369	1
methanotrophic	3231340	1
secondary	953735	3
sulfur-oxidizing	4910116	1
thiotrophic	2189522	1
uncultured	2853249	3133
unicellular	5423380	2
unidentified	3212396	2
Aaosphaeria	38901049	1
Acaromyces	19330111	1
Agaricus	31424068	2
Akanthomyces	36207525	1
Alternaria	35560679	17
Amorphotheca	28632918	1
Annulohypoxylon	38156354	2
Aplosporella	32818685	1
Ascochyta	40846718	1
Ascoidea	17503998	1
Aspergillus	34273312	45
Aureobasidium	26762430	4
Auricularia	74920202	1
Australozyma	12068158	1
Babjeviella	15221050	1
Batrachochytrium	23810896	1
Baudoinia	21875620	1
Beauveria	33693936	1
Bipolaris	33430656	6
Blastomyces	70961106	2
Botrytis	42630066	1
Brettanomyces	11633950	2
Calcarisporiella	28155144	1
Canariomyces	30991681	1
Candida	13497368	10
Candidozyma	12520247	4
Capronia	27348626	2
Cenococcum	177557160	1
Ceraceosorus	24148100	1
Cercospora	36565572	2
Chaetomium	34276485	1
Cladophialophora	35212273	5
Cladosporium	27912799	1
Clavispora	12114892	1
Coccidioides	28570596	2
Colletotrichum	52989265	12
Coniophora	42968544	1
Coniosporium	28645321	1
Cordyceps	32877270	2
Cryphonectria	43870411	1
Cryptococcus	18487786	11
Cucurbitaria	32905402	1
Cutaneotrichosporon	20036446	2
Cyberlindnera	13018415	1
Cyphellophora	28781303	1
Cystobasidium	20824934	1
Dacryopinax	29503487	1
Dactylellina	39531920	1
Daldinia	36625111	5
Debaryomyces	12152486	1
Diaporthe	51483502	1
Dichomitus	42748430	1
Dichotomopilus	32615522	1
Didymella	34389227	1
Diplodia	34986079	1
Dipodascopsis	13125970	1
Dissoconium	26537235	1
Diutina	13445959	1
Dothidotthia	34433519	1
Drechmeria	32831003	1
Drepanopeziza	51949877	1
Emericellopsis	27119182	2
Encephalitozoon	2288449	4
Endocarpon	37130611	1
Enterocytozoon	3860738	1
Eremomyces	26864015	1
Eremothecium	9229232	3
Eutypa	54005819	1
Exophiala	32574820	7
Exserohilum	43013545	1
Fibroporia	28378039	1
Fomitiporia	63354419	1
Fonsecaea	34167844	4
Fulvia	67169167	1
Fusarium	45911111	17
Gaeumannomyces	43618147	1
Geosmithia	26543684	1
Glarea	39509734	1
Gloeophyllum	37178225	1
Grosmannia	29794006	1
Guyanagaster	53686691	1
Henningerozyma	14048593	1
Heterobasidion	33649967	1
Hirsutella	81749301	1
Histoplasma	31713676	2
Huiozyma	10845821	1
Hyaloscypha	82384847	1
Hyphopichia	12403110	1
Hypoxylon	39350407	1
Jaminaea	16615586	1
Kalmanozyma	17325407	1
Kazachstania	11130140	1
Kluyveromyces	10804658	2
Kockiozyma	14000343	1
Komagataella	9216378	1
Kuraishia	11371246	1
Kwoniella	22497178	10
Laccaria	64877444	1
Lachancea	10742496	2
Laetiporus	39909705	1
Lentinus	39530113	1
Lichtheimia	37534108	1
Limtongia	14146010	1
Lindgomyces	69030646	1
Lipomyces	14822122	5
Lithohypha	24440621	1
Lodderomyces	15570809	3
Macroventuria	33336106	1
Malassezia	7836045	5
Marasmius	44306131	1
Maudiozyma	12616033	1
Meira	17383515	1
Melampsora	101129028	1
Metarhizium	39020579	7
Metschnikowia	16055203	1
Meyerozyma	10609954	1
Microsporum	23241642	1
Millerozyma	21459642	1
Mixia	13634488	1
Moesziomyces	18111965	1
Mollisia	48876257	1
Moniliophthora	26663261	1
Morchella	50927171	1
Mycosarcoma	19664356	1
Mycothermus	29324833	1
Mytilinidion	47275052	1
Nakaseomyces	12522228	2
Nannizzia	23249403	1
Naumovozyma	12373560	2
Nematocida	3870988	6
Neoarthrinium	43702215	1
Neofusicoccum	42592847	1
Neohortaea	20432448	1
Neurospora	40091936	2
Ogataea	8916991	3
Ophidiomyces	21919615	1
Orbilia	40072829	1
Paracoccidioides	31438894	2
Paraphaeosphaeria	38464024	1
Parastagonospora	37164226	1
Parathielavia	32737472	1
Penicilliopsis	26088231	1
Penicillium	29506826	6
Pestalotiopsis	51910726	1
Phaeoacremonium	47465449	1
Phanerochaete	46293325	1
Phialemonium	33593884	1
Phycomyces	53939167	1
Pichia	11357950	3
Plenodomus	42037832	1
Pochonia	44215803	1
Podospora	35051174	4
Postia	66672372	2
Priceomyces	11764505	1
Pseudocercospora	74141167	1
Pseudogymnoascus	32215283	3
Pseudomicrostroma	17184282	1
Pseudovirgaria	35440147	1
Pseudozyma	20874159	2
Psilocybe	46389424	1
Puccinia	100319821	3
Punctularia	34171901	1
Purpureocillium	37054308	2
Pyrenophora	37387544	3
Pyricularia	44884581	3
Ramularia	32254922	1
Rasamsonia	29320293	1
Recurvomyces	27128294	1
Rhinocladiella	32474431	1
Rhizoctonia	40703773	1
Rhizomucor	25384556	1
Rhizophagus	141749657	2
Rhizopus	36029756	2
Rhodotorula	20618970	2
Saccharomyces	11888141	6
Saccharomycodes	12500424	1
Saccharomycopsis	17100033	1
Saitoella	14136186	1
Saxophila	25918878	1
Scedosporium	43437139	1
Scheffersomyces	15441179	1
Schizophyllum	38670379	1
Schizosaccharomyces	11782146	5
Sclerotinia	38330312	1
Serpula	42797233	1
Sodiomyces	43450096	1
Sordaria	38798266	2
Spathaspora	13182099	1
Sphaerulina	29352103	1
Spizellomyces	24131112	1
Sporisorium	19565848	1
Stereum	46511623	1
Sugiyamaella	15938258	1
Suhomyces	13136204	1
Synchytrium	26244175	1
Talaromyces	32144442	6
Tetrapisispora	12115070	1
Thermoascus	31412805	1
Thermochaetoides	28322806	1
Thermomyces	19874667	2
Thermothelomyces	37092148	2
Thermothielavioides	36912256	1
Tilletiopsis	18761941	1
Torulaspora	9250900	2
Trametes	44794008	1
Trematosphaeria	47745773	1
Tremella	28639919	1
Trichoderma	37429965	10
Trichophyton	22521648	2
Trichosporon	24507743	1
Tuber	124945702	1
Umbelopsis	23077072	1
Uncinocarpus	22327935	1
Ustilaginoidea	37060086	1
Vairimorpha	15005441	1
Vanderwaltozyma	14674591	1
Vanrija	24922244	1
Vavraia	6118689	1
Venustampulla	33639795	1
Verruconis	31780469	1
Verticillium	32803144	3
Vittaforma	3213516	1
Wallemia	9735609	2
Westerdykella	26979746	1
Wickerhamomyces	14145566	1
Xylaria	45705225	1
Xylona	24337763	1
Yamadazyma	10789374	2
Yarrowia	20742114	3
Zasmidium	38247703	1
Zygosaccharomyces	9764635	1
Zygotorulaspora	10412516	1
Zymoseptoria	39686251	1
